id,name,link_fb,link_ig,link_tiktok,followers_fb,followers_ig,followers_tiktok,total_followers,avatar_url
1,EXO Official,,https://www.instagram.com/weareone.exo,,0,10606134,0,10606134,https://scontent-lga3-1.cdninstagram.com/v/t51.2885-19/540542681_18398769742190181_8177186843688198600_n.jpg?stp=dst-jpg_s320x320_tt6&efg=eyJ2ZW5jb2RlX3RhZyI6InByb2ZpbGVfcGljLmRqYW5nby4xMDgwLmMyIn0&_nc_ht=scontent-lga3-1.cdninstagram.com&_nc_cat=1&_nc_oc=Q6cZ2QElFJ8k8N35MICeeOVEpxmtCXZ5nHIFFXaQCSzRvyxknjJK7l7tExSf8IB-kHI1Jmw&_nc_ohc=nZSULkFFoQwQ7kNvwFiGAH8&_nc_gid=Eh1Os_nq8lZW9tdlA39wNA&edm=AOQ1c0wBAAAA&ccb=7-5&oh=00_AfiLquKbS9M5wrzMnwEAxCBfem4gf8GykhaXnpN0RUToaA&oe=692B73D2&_nc_sid=8b3546
2,SoÃõn TuÃÄng M-TP üíã,,https://www.instagram.com/sontungmtp,,0,8354906,0,8354906,https://instagram.forf1-4.fna.fbcdn.net/v/t51.2885-19/469383131_460408080053636_5688550245858564790_n.jpg?stp=dst-jpg_s320x320_tt6&efg=eyJ2ZW5jb2RlX3RhZyI6InByb2ZpbGVfcGljLmRqYW5nby43ODMuYzIifQ&_nc_ht=instagram.forf1-4.fna.fbcdn.net&_nc_cat=108&_nc_oc=Q6cZ2QGl7cs-8OJtmLEysGg5JjqQSAHqCMR0eYBFrEmEexhUqgnPRrLfyQym1RWqIUluYc7cXQc2vwwPYuEZjvH3CSt6&_nc_ohc=wpavJU72eIgQ7kNvwG0pM4e&_nc_gid=jSGWbrjsJ6vRQmm8txyNIg&edm=AOQ1c0wBAAAA&ccb=7-5&oh=00_AfikB6vfl-VRY7zHSylKyoSKPGYLKWQIHSHanadAoFuUng&oe=692B6A33&_nc_sid=8b3546
3,Chi Pu,,https://www.instagram.com/chipupu,,0,5990338,0,5990338,https://scontent-ord5-3.cdninstagram.com/v/t51.2885-19/344484757_1215208169180445_8756886445382300482_n.jpg?stp=dst-jpg_s320x320_tt6&efg=eyJ2ZW5jb2RlX3RhZyI6InByb2ZpbGVfcGljLmRqYW5nby4xMDgwLmMyIn0&_nc_ht=scontent-ord5-3.cdninstagram.com&_nc_cat=1&_nc_oc=Q6cZ2QHjL7_Z33JzKUYydws_cLLE1VHtiK2CsDzMxM_5133JgZItAjWxXsSzGjOoOSxgu4Q&_nc_ohc=LgyI3qrMqOgQ7kNvwFkUqxu&_nc_gid=uEP5BaPb-Nb5YthlN06PNg&edm=AOQ1c0wBAAAA&ccb=7-5&oh=00_Afg4PmkUsCAvWYhk5mPAiTGLUD99ymUHfbZndi1Z2eU3zg&oe=692B71A9&_nc_sid=8b3546
4,Ngoc Trinh,,https://www.instagram.com/ngoctrinh89,,0,5667945,0,5667945,https://instagram.fagc3-2.fna.fbcdn.net/v/t51.2885-19/581386353_18541312501007425_1970866818400288861_n.jpg?stp=dst-jpg_s320x320_tt6&efg=eyJ2ZW5jb2RlX3RhZyI6InByb2ZpbGVfcGljLmRqYW5nby43MDQuYzIifQ&_nc_ht=instagram.fagc3-2.fna.fbcdn.net&_nc_cat=1&_nc_oc=Q6cZ2QF5dW1oEuTluz7ekLU1bPI0hSuefduRBLhbUzRM0uro-MeZlk_X4uVL_jtqGxR-lio&_nc_ohc=qqNPOmq2o8IQ7kNvwG6NoWo&_nc_gid=t4w463YY-2ny4YS4bcbKfA&edm=AOQ1c0wBAAAA&ccb=7-5&oh=00_AfgETe0BLV50J7mb--wf2oROB73Z8WprUVlCV8D9gpV9vA&oe=692B7167&_nc_sid=8b3546
5,TR·∫§N TH√ÄNH,,https://www.instagram.com/tuilatranthanhday,,0,5630442,0,5630442,https://scontent-ord5-3.cdninstagram.com/v/t51.2885-19/576106855_18324667318243882_5092080836640880923_n.jpg?stp=dst-jpg_s320x320_tt6&efg=eyJ2ZW5jb2RlX3RhZyI6InByb2ZpbGVfcGljLmRqYW5nby4xMDgwLmMyIn0&_nc_ht=scontent-ord5-3.cdninstagram.com&_nc_cat=110&_nc_oc=Q6cZ2QESQQ-sQEVXnUFknFLs0z8YMNiYCTyc4KBbFWf-elCqLEH8uh-OmyjZHqDO9oOHwSQ&_nc_ohc=kXntktdcd18Q7kNvwGF28yt&_nc_gid=zU7hUs3wPljcKLKptVfvqQ&edm=AOQ1c0wBAAAA&ccb=7-5&oh=00_AfjqcGwCkMhY0tovLaxQ6AJ0J06Q_j1m61ToNaePtOy6Ww&oe=692B544E&_nc_sid=8b3546
6,Ninh DuÃõoÃõng Lan NgoÃ£c,,https://www.instagram.com/ninh.duong.lan.ngoc,,0,5450096,0,5450096,https://scontent-lga3-3.cdninstagram.com/v/t51.2885-19/565150935_18535409617033171_3889025348007811269_n.jpg?stp=dst-jpg_s320x320_tt6&efg=eyJ2ZW5jb2RlX3RhZyI6InByb2ZpbGVfcGljLmRqYW5nby4xMDgwLmMyIn0&_nc_ht=scontent-lga3-3.cdninstagram.com&_nc_cat=1&_nc_oc=Q6cZ2QHzSW7lRBCWQMWVi0A3t15kW7TyPW1omNq8vTXVWWcQ4db0zebOG5mNXSPSurHlk0k&_nc_ohc=QhLrKot5npsQ7kNvwFKWA7D&_nc_gid=Y2m2xWuyJVJqO8AK1UWpoQ&edm=AOQ1c0wBAAAA&ccb=7-5&oh=00_Afi3BpRZ84-eOwBSlSMIKx6WPo_f7WeNJxA6OcS3TTlegg&oe=692B7682&_nc_sid=8b3546
7,Kiko Chan,,https://www.instagram.com/kikochan_official,,0,5403600,0,5403600,https://scontent-iad3-2.cdninstagram.com/v/t51.2885-19/572358989_18331851415235826_3260315217170500548_n.jpg?stp=dst-jpg_s320x320_tt6&efg=eyJ2ZW5jb2RlX3RhZyI6InByb2ZpbGVfcGljLmRqYW5nby4xMDgwLmMyIn0&_nc_ht=scontent-iad3-2.cdninstagram.com&_nc_cat=106&_nc_oc=Q6cZ2QGMoMKbbmKZ8JS8siqNHlxsEqMbB4tOvivlBagmIMq-WGFU6a9BO_pZ2MmIjOypTIo&_nc_ohc=ia4e8v5A7XcQ7kNvwHSQg32&_nc_gid=ke0TBNjnrG9YSQBt5-KONw&edm=AOQ1c0wBAAAA&ccb=7-5&oh=00_AfjRoV7mRwt6UgrnM-4bKG8tiYG1OT9zKLmNncbG6h63Rw&oe=692B4D35&_nc_sid=8b3546
8,Linh NgoÃ£c ƒêaÃÄm,,https://www.instagram.com/kinglnd,,0,4556991,0,4556991,https://scontent-ord5-1.cdninstagram.com/v/t51.2885-19/554987280_18422654680110068_4057844959974994571_n.jpg?stp=dst-jpg_s320x320_tt6&efg=eyJ2ZW5jb2RlX3RhZyI6InByb2ZpbGVfcGljLmRqYW5nby4xMDgwLmV4cGVyaW1lbnRhbCJ9&_nc_ht=scontent-ord5-1.cdninstagram.com&_nc_cat=108&_nc_oc=Q6cZ2QH_HR0eTobxYR4AmLRLX_rVJPTvamF-olEkyHAtDiLfJgfPL5T0gxsoiXfqzqPkLRw&_nc_ohc=tCZzzmzyHskQ7kNvwHQrlP1&_nc_gid=D4dr4dxx66x7trWdAZxHvA&edm=AOQ1c0wBAAAA&ccb=7-5&oh=00_AfgIO2wefL48HCP60nE-Iclh2IPW43pLQYrPSn3UfSnlLQ&oe=692B52AC&_nc_sid=8b3546
9,Ïó¨ÏßÑÍµ¨ Yeo Jin Goo,,https://www.instagram.com/yeojin9oo,,0,4495421,0,4495421,https://scontent-iad3-2.cdninstagram.com/v/t51.2885-19/514664087_18470269336072751_1435063426636654970_n.jpg?stp=dst-jpg_s320x320_tt6&efg=eyJ2ZW5jb2RlX3RhZyI6InByb2ZpbGVfcGljLmRqYW5nby4xMDgwLmMyIn0&_nc_ht=scontent-iad3-2.cdninstagram.com&_nc_cat=111&_nc_oc=Q6cZ2QFzRpPTOb6d09riwApoNUd_MIx75rRClA0WpDRK63umm6T7vG0mdEVlWI6zGcKdh1A&_nc_ohc=rBSfRY_itykQ7kNvwEI64Qa&_nc_gid=hHZm2iR2G4BpHkKDXjxmaA&edm=AOQ1c0wBAAAA&ccb=7-5&oh=00_AfhEXmLdIXjV4Paz9AMp5qBBVVpVLJBBBFSuikA2dSNWvw&oe=692B3FB1&_nc_sid=8b3546
10,ùêçùêÜùêîùêòùêÑÃÇÃÉùêç ùêáùêîÃõùêéÃõùêçùêÜ ùêÜùêàùêÄùêçùêÜ,,https://www.instagram.com/huoggiangggg,,0,4345022,0,4345022,https://scontent-mia3-3.cdninstagram.com/v/t51.2885-19/20066035_326024261181407_4039646509753434112_a.jpg?stp=dst-jpg_s320x320_tt6&efg=eyJ2ZW5jb2RlX3RhZyI6InByb2ZpbGVfcGljLmRqYW5nby4xMDAwLmMyIn0&_nc_ht=scontent-mia3-3.cdninstagram.com&_nc_cat=1&_nc_oc=Q6cZ2QEMn4XH28d-4jS_4geuM620MPS6w18UVzQkIsDCHWEKmvS_Cdqk9h_Apsd09UoITCc&_nc_ohc=h0hZ8Dj6X0IQ7kNvwH3ir40&_nc_gid=7BKrSqgblFX-5OUJe2Xdtw&edm=AOQ1c0wBAAAA&ccb=7-5&oh=00_Afj9Ikhe9B8ZbV6Wjrqoxw3LxhLC7JgFrTsejT89q-lusQ&oe=692B536A&_nc_sid=8b3546
11,üçí DieÃ£ÃÇu Nhi  üçí,,https://www.instagram.com/dieu_nhiii,,0,4212541,0,4212541,https://scontent-atl3-3.cdninstagram.com/v/t51.2885-19/524615110_18526860652020835_8240882542413465543_n.jpg?stp=dst-jpg_s320x320_tt6&efg=eyJ2ZW5jb2RlX3RhZyI6InByb2ZpbGVfcGljLmRqYW5nby4xMDgwLmMyIn0&_nc_ht=scontent-atl3-3.cdninstagram.com&_nc_cat=107&_nc_oc=Q6cZ2QH5v9FV-s_j_8RItnQMXc4M_w2FUehMLcJJZxD2VvRFJjWqI2Rdi7UgPsb_bjqqZ_U&_nc_ohc=qwMKhc-jz54Q7kNvwFD9mhu&_nc_gid=FNiySRGRDGWCb8ygGlgYBQ&edm=AOQ1c0wBAAAA&ccb=7-5&oh=00_AfjOxSJtBmp-4wqz5dIxoYElGa7eDJIdCIvaCnnQkiAcaw&oe=692B58EB&_nc_sid=8b3546
12,Naysilla Mirdad,,https://www.instagram.com/naymirdad,,0,4005509,0,4005509,https://scontent-ord5-2.cdninstagram.com/v/t51.2885-19/451973559_516247960841667_7090020411492636389_n.jpg?stp=dst-jpg_s320x320_tt6&efg=eyJ2ZW5jb2RlX3RhZyI6InByb2ZpbGVfcGljLmRqYW5nby4xMDgwLmMyIn0&_nc_ht=scontent-ord5-2.cdninstagram.com&_nc_cat=1&_nc_oc=Q6cZ2QGsgpbRBqisizJmae8nNod7nXEvQDgVEzVgkCTqcB0T8Vxx96ol0bFauKSA_d4wrIQ&_nc_ohc=y2O-82PqRQIQ7kNvwEJCXfR&_nc_gid=uQKyElSRIx6VaklypSj1dg&edm=AOQ1c0wBAAAA&ccb=7-5&oh=00_AfhAIs9apzxt4E1m7igcLRfVKtkYh1MQEqYgpEuZj1Jk9w&oe=692B4FD2&_nc_sid=8b3546
13,Chou Chou üêÆ,,https://www.instagram.com/chaubui_,,0,3894891,0,3894891,https://instagram.fsac1-2.fna.fbcdn.net/v/t51.2885-19/555443003_18537203425044413_6794858517427361613_n.jpg?stp=dst-jpg_s320x320_tt6&efg=eyJ2ZW5jb2RlX3RhZyI6InByb2ZpbGVfcGljLmRqYW5nby4xMDgwLmMyIn0&_nc_ht=instagram.fsac1-2.fna.fbcdn.net&_nc_cat=105&_nc_oc=Q6cZ2QHL8R3JbmqbbBA5GEWTK6kIkeL3EjscpYZpO2qgccBh-funCbh-AykDuJl2C0GZfsE&_nc_ohc=71X4JIDuNosQ7kNvwGc2KjF&_nc_gid=kRXtR4I3g-7_ZsaHxR54rQ&edm=AOQ1c0wBAAAA&ccb=7-5&oh=00_AfguMSTKe-hwwma8LD6nEoHpMpkQB6qkLYi2KG2FWhoMvA&oe=692B75DD&_nc_sid=8b3546
14,Nhuan Dao‚ú®Calligraphy & Lettering‚ù§Ô∏è,,https://www.instagram.com/nhuandaocalligraphy,,0,3594778,0,3594778,https://scontent-atl3-3.cdninstagram.com/v/t51.2885-19/28753004_236393873603337_4603089323556864000_n.jpg?stp=dst-jpg_s320x320_tt6&efg=eyJ2ZW5jb2RlX3RhZyI6InByb2ZpbGVfcGljLmRqYW5nby45NjAuYzIifQ&_nc_ht=scontent-atl3-3.cdninstagram.com&_nc_cat=1&_nc_oc=Q6cZ2QEsApVlOQDNSONikIBebCCIE43rLgCpo9ox7Rky01R7eGQbuV1vMYi776wYv99hhuo&_nc_ohc=ajzVp6MvZmAQ7kNvwG802SS&_nc_gid=IJfA8t068tSyK-epRdCJVw&edm=AOQ1c0wBAAAA&ccb=7-5&oh=00_Afh-m-O1_FbAFell3qQoFFMkQsQuBUsjyRg4S1PpgPuOgw&oe=692B402F&_nc_sid=8b3546
15,Surbhi Rathore,,https://www.instagram.com/surbhirathore3_,,0,3493064,0,3493064,https://scontent-hou1-1.cdninstagram.com/v/t51.2885-19/571448808_18423281131117139_84230266927075819_n.jpg?stp=dst-jpg_s320x320_tt6&efg=eyJ2ZW5jb2RlX3RhZyI6InByb2ZpbGVfcGljLmRqYW5nby4xMDgwLmMyIn0&_nc_ht=scontent-hou1-1.cdninstagram.com&_nc_cat=1&_nc_oc=Q6cZ2QHMbpWJUK5VL8tDo4KYlep-JWsA86s-RBie8YZbVb7oqu8G9Bd9nywVcD7EY7RsWUw&_nc_ohc=IR2QaAwmaiMQ7kNvwGqG7Nx&_nc_gid=kSrE7FSygq_guIWSDXi1NA&edm=AOQ1c0wBAAAA&ccb=7-5&oh=00_AfjqJeVl25QQjy2ElncyH5eLighI5BJJlARN4JdzCvZgQw&oe=692B6CE3&_nc_sid=8b3546
16,HOÃÇÃÄ NGOÃ£C HAÃÄ,,https://www.instagram.com/hongocha,,0,3448033,0,3448033,https://scontent-mia3-1.cdninstagram.com/v/t51.2885-19/408850785_353378580674387_6891489484377569962_n.jpg?stp=dst-jpg_s320x320_tt6&efg=eyJ2ZW5jb2RlX3RhZyI6InByb2ZpbGVfcGljLmRqYW5nby4xMDgwLmMyIn0&_nc_ht=scontent-mia3-1.cdninstagram.com&_nc_cat=111&_nc_oc=Q6cZ2QEcnKvnJObaaL6rfQ5Jb4tukrJnKzeS0F1-YxyRp7sFOJV1zNmMoxqBXHcqq4T4V9U&_nc_ohc=RibPhIKHQIEQ7kNvwGhvusX&_nc_gid=6k4tc_GhYYD-9sREZUy9jw&edm=AOQ1c0wBAAAA&ccb=7-5&oh=00_AfigeGBQv6gPTXPbur87y6oDj-bq_iB4viSrLsb_J0lfwA&oe=692B744D&_nc_sid=8b3546
17,JUST ADULTING | SHIRAZ BAGHLA,,https://www.instagram.com/just.adulting,,0,3261462,0,3261462,https://instagram.fagc3-2.fna.fbcdn.net/v/t51.2885-19/509001015_18398397778113313_841843470417165125_n.jpg?stp=dst-jpg_s320x320_tt6&efg=eyJ2ZW5jb2RlX3RhZyI6InByb2ZpbGVfcGljLmRqYW5nby4xMDgwLmMyIn0&_nc_ht=instagram.fagc3-2.fna.fbcdn.net&_nc_cat=1&_nc_oc=Q6cZ2QFyWus3cnwdvVPjopQbKf0N0fp1Oop0Yh4ROAQHxl4AYoLMbJtummP1aAuItHNJOfQ&_nc_ohc=3kb0QR7KYXoQ7kNvwEQGQQM&_nc_gid=tE9i42h0mPZqxXQZ6Wpr5w&edm=AOQ1c0wBAAAA&ccb=7-5&oh=00_AfjV2VhDsKqUQf-_ylM5IFSFRaJwv87TKjPsA2glSfd_yg&oe=692B4EA2&_nc_sid=8b3546
18,BiÃÅch PhuÃõoÃõng,,https://www.instagram.com/bichphuongofficial,,0,3235632,0,3235632,https://instagram.ftpa1-1.fna.fbcdn.net/v/t51.2885-19/554320593_18532301575023721_5962911675021543097_n.jpg?stp=dst-jpg_s320x320_tt6&efg=eyJ2ZW5jb2RlX3RhZyI6InByb2ZpbGVfcGljLmRqYW5nby44ODIuYzIifQ&_nc_ht=instagram.ftpa1-1.fna.fbcdn.net&_nc_cat=101&_nc_oc=Q6cZ2QEJQ4EZ2NybLTbbZLN1ZQHnbVTbi8mh9tAnB-EkbIlliwS-XvvmwKpefB2Mn8oY7Ks7ct5rKRHX8Ylxgj7Dk510&_nc_ohc=C_b3avPMO4IQ7kNvwGUOzac&_nc_gid=e3W4l9GWAFU1BPrHAmyFoQ&edm=AOQ1c0wBAAAA&ccb=7-5&oh=00_AfhwShE_LlgLJ1N2T7nVbXfEembpVyv1q_b-tMtR_RqBKQ&oe=692B75B4&_nc_sid=8b3546
19,TOC TIEN,,https://www.instagram.com/toctien1305,,0,3237068,0,3237068,https://instagram.fhnl3-1.fna.fbcdn.net/v/t51.2885-19/583537274_18546956635061266_8751935959725176658_n.jpg?stp=dst-jpg_s320x320_tt6&efg=eyJ2ZW5jb2RlX3RhZyI6InByb2ZpbGVfcGljLmRqYW5nby4xMDgwLmV4cGVyaW1lbnRhbCJ9&_nc_ht=instagram.fhnl3-1.fna.fbcdn.net&_nc_cat=1&_nc_oc=Q6cZ2QF1bUdQlOgWuUy5iyafBsmPwdNfLLGYCFvMWygPoiGKKquY2z3CPi8F-8hABkJIqqU&_nc_ohc=bqiG-EhrZzEQ7kNvwHOC8GS&_nc_gid=sanHGxXI7_KAPKUKLVqpvg&edm=AOQ1c0wBAAAA&ccb=7-5&oh=00_Afhbq7qHEBxT7K_7JuIc2OByGeJ7wWdqxsdyZfcaO_9-FQ&oe=692B52EE&_nc_sid=8b3546
20,KEO,,https://www.instagram.com/thekiddkeo,,0,3135207,0,3135207,https://instagram.fmem1-2.fna.fbcdn.net/v/t51.2885-19/531419574_18520894846037303_5549800434503611872_n.jpg?stp=dst-jpg_s320x320_tt6&efg=eyJ2ZW5jb2RlX3RhZyI6InByb2ZpbGVfcGljLmRqYW5nby4xMDgwLmMyIn0&_nc_ht=instagram.fmem1-2.fna.fbcdn.net&_nc_cat=1&_nc_oc=Q6cZ2QHpQQxl4C_CWt8WSsIjsQt9YRpthKe2SwmSxIKQwxo_hMMgB_r0dAwMA0dVC2wuYDEsTYG8Txi24NMuoAUItNCx&_nc_ohc=HVsWeELRWRoQ7kNvwE6cvU9&_nc_gid=4S3qdqiMLZpnjyxP47pZtw&edm=AOQ1c0wBAAAA&ccb=7-5&oh=00_AfiZj_ZRzEYdeWAy0dg7Sy49891WJ3eD0jvW2AHYpobwlQ&oe=692B4C90&_nc_sid=8b3546
21,Ngo Kien Huy,,https://www.instagram.com/ngokienhuy_bap,,0,3103879,0,3103879,https://instagram.fdsm1-1.fna.fbcdn.net/v/t51.2885-19/503104751_18408239086103105_3031003622162176205_n.jpg?stp=dst-jpg_s320x320_tt6&efg=eyJ2ZW5jb2RlX3RhZyI6InByb2ZpbGVfcGljLmRqYW5nby4xMDgwLmMyIn0&_nc_ht=instagram.fdsm1-1.fna.fbcdn.net&_nc_cat=105&_nc_oc=Q6cZ2QF6CMWj3km3g_x6Fx-zlvPcTFr84qGxKmmAkaqYbENEc8SFC9oJ-vP1s0VxC86EUH0&_nc_ohc=zr7ygzvNp64Q7kNvwET4O-m&_nc_gid=ivd4iKoaZrm3famtTL7Gfg&edm=AOQ1c0wBAAAA&ccb=7-5&oh=00_AfiiVnHxHm-Swy1ZpX30NPa53HfHIX2UwvzbidzasfONPA&oe=692B4AE3&_nc_sid=8b3546
22,ThieÃÇÃÄu BaÃâo TraÃÇm,,https://www.instagram.com/thieubaotram,,0,3010658,0,3010658,https://scontent-iad3-2.cdninstagram.com/v/t51.2885-19/516285878_18517148266020095_5852197069275542980_n.jpg?stp=dst-jpg_s320x320_tt6&efg=eyJ2ZW5jb2RlX3RhZyI6InByb2ZpbGVfcGljLmRqYW5nby43MjIuYzIifQ&_nc_ht=scontent-iad3-2.cdninstagram.com&_nc_cat=111&_nc_oc=Q6cZ2QEksGsuak5y2ujHtCwVo8QH6nDG1LL1t-PFM5ia8TjWIUgjOyJe-lT3F8EIVD6OjMY&_nc_ohc=PCTClo8oOg0Q7kNvwHfyseW&_nc_gid=UDyBTUIcoyEagoIfUOmHFg&edm=AOQ1c0wBAAAA&ccb=7-5&oh=00_AfjK_oP6dAzPlfRBiU0_ePXY8Hzzz4XBWidyhx6MujtijA&oe=692B60F6&_nc_sid=8b3546
23,Thyahh,,https://www.instagram.com/misthyyyy,,0,2975480,0,2975480,https://scontent-iad3-1.cdninstagram.com/v/t51.2885-19/498642698_18508595587029213_5806326565841076158_n.jpg?stp=dst-jpg_s320x320_tt6&efg=eyJ2ZW5jb2RlX3RhZyI6InByb2ZpbGVfcGljLmRqYW5nby4xMDgwLmMyIn0&_nc_ht=scontent-iad3-1.cdninstagram.com&_nc_cat=109&_nc_oc=Q6cZ2QFtEkKg32gOHVsINukuotik3mNDP3NUeB1EsbOotS4LjI61LF1CPf4aBXCCxEegPy8&_nc_ohc=-o8m1_3WmFwQ7kNvwEY8KnX&_nc_gid=LnAwSd_UYEIpqU_r09aM-g&edm=AOQ1c0wBAAAA&ccb=7-5&oh=00_Afgo5wwy43_5na5MNQ0SC0uwuRqWVn5aiHhvZJ_SQ94DSQ&oe=692B4E10&_nc_sid=8b3546
24,Quynh Anh Shyn,,https://www.instagram.com/quynhanhshyn_,,0,2944509,0,2944509,https://scontent-iad3-2.cdninstagram.com/v/t51.2885-19/509672738_18518541628046508_372540311711142334_n.jpg?stp=dst-jpg_s320x320_tt6&efg=eyJ2ZW5jb2RlX3RhZyI6InByb2ZpbGVfcGljLmRqYW5nby4xMDgwLmMyIn0&_nc_ht=scontent-iad3-2.cdninstagram.com&_nc_cat=100&_nc_oc=Q6cZ2QGx58c7a_WXTexuRrEK0blBb2OvJjnnigIgcFOs-KauxhA4oJqaC7JLUF9HcCEqt5c&_nc_ohc=j7UCtHVS4WkQ7kNvwESYmLr&_nc_gid=XiVjXDvbPSrmaJIhCyxDUw&edm=AOQ1c0wBAAAA&ccb=7-5&oh=00_AfjLJ393AUuhH_zgMMuhd8_g9V5-m1RFBHyP3-DbQQm1jQ&oe=692B513F&_nc_sid=8b3546
25,S∆°n Ho√†ng Nguy·ªÖn,,https://www.instagram.com/soobin.hoangson,,0,2929753,0,2929753,https://scontent-lga3-2.cdninstagram.com/v/t51.2885-19/553546652_18529367059018975_3432361367007029651_n.jpg?stp=dst-jpg_s320x320_tt6&efg=eyJ2ZW5jb2RlX3RhZyI6InByb2ZpbGVfcGljLmRqYW5nby4xMDgwLmMyIn0&_nc_ht=scontent-lga3-2.cdninstagram.com&_nc_cat=1&_nc_oc=Q6cZ2QHwSrYeVWAQY6725nZxYspJ7SgsAZZ4ScyNE_hNPieWmzMcLesyFVXGXfYFFEBeHCoDENjVS4JtiUrMME9Qps-F&_nc_ohc=LbbY4grMmMUQ7kNvwGLDFDs&_nc_gid=Tgdh1pfZ6HCfkxKq8bFfhA&edm=AOQ1c0wBAAAA&ccb=7-5&oh=00_AfjfwStlAO1bhpILgQSIFgqg6ztZYSJUcKn2MeSrHAAeJw&oe=692B61B2&_nc_sid=8b3546
26,Isaac,,https://www.instagram.com/isaaclion,,0,2735731,0,2735731,https://scontent-atl3-1.cdninstagram.com/v/t51.2885-19/353781458_271331628771432_8675436602987482256_n.jpg?stp=dst-jpg_s320x320_tt6&efg=eyJ2ZW5jb2RlX3RhZyI6InByb2ZpbGVfcGljLmRqYW5nby4xMDgwLmMyIn0&_nc_ht=scontent-atl3-1.cdninstagram.com&_nc_cat=100&_nc_oc=Q6cZ2QEsWzDURyZ86JeoHOw15Prs_n9CqdI4lN32ijvpVJYYYuddDHoNrjlQHvsHqaGJGBI&_nc_ohc=iHptIO1kgeAQ7kNvwHnpUgG&_nc_gid=7hx0M3VZcjZy8cF1TpOG8Q&edm=AOQ1c0wBAAAA&ccb=7-5&oh=00_Afj0uM97J_UpLmN9NB6ZT11h35mNqZvdpOTGY-_1Q1ugYQ&oe=692B679C&_nc_sid=8b3546
27,Home Gardening,,https://www.instagram.com/gardening.999,,0,2723603,0,2723603,https://scontent-bos5-1.cdninstagram.com/v/t51.2885-19/392913051_329108789770442_2300570002818711927_n.jpg?stp=dst-jpg_s320x320_tt6&efg=eyJ2ZW5jb2RlX3RhZyI6InByb2ZpbGVfcGljLmRqYW5nby42MDAuYzIifQ&_nc_ht=scontent-bos5-1.cdninstagram.com&_nc_cat=102&_nc_oc=Q6cZ2QH97XFh8aA3WIf8wgW_1DevePQDmQxkCA6ec8SVidYKPOylkVUgCg4gCPDTqoMIJ6w&_nc_ohc=loHMqmoQKzAQ7kNvwH7xtnd&_nc_gid=B1B0MEPbQz170pw8-biLVg&edm=AOQ1c0wBAAAA&ccb=7-5&oh=00_AfiTk5IT25nvIf2RKEPugMe1vT4iQdgI-nGeW583nSuv2A&oe=692B62B6&_nc_sid=8b3546
28,ƒêoÃÇng Nhi,,https://www.instagram.com/singerdongnhi,,0,2684801,0,2684801,https://scontent-mia3-1.cdninstagram.com/v/t51.2885-19/535232881_18521307937007015_313636731668628741_n.jpg?stp=dst-jpg_s320x320_tt6&efg=eyJ2ZW5jb2RlX3RhZyI6InByb2ZpbGVfcGljLmRqYW5nby4xMDgwLmMyIn0&_nc_ht=scontent-mia3-1.cdninstagram.com&_nc_cat=111&_nc_oc=Q6cZ2QGqNloJH51uW2wRg7cmbdXuQSFgQjLjCkY7RXI6YGyL9lEywmNvkD3oLNVdhYZ2acY&_nc_ohc=ZXT7jwmXFbcQ7kNvwHsVNAd&_nc_gid=APzL9SfBfQ5B1amVGZkW8g&edm=AOQ1c0wBAAAA&ccb=7-5&oh=00_AfhWpMjoeEfyUTs3WICJzM4WBhpMwE73ZAAri5ye6_Wz5Q&oe=692B54C4&_nc_sid=8b3546
29,L√™ Th·ªã Kh√°nh Huy·ªÅn,,https://www.instagram.com/huyen.204,,0,2662826,0,2662826,https://instagram.flas1-1.fna.fbcdn.net/v/t51.2885-19/561421987_18144229495434530_6298238977772099052_n.jpg?stp=dst-jpg_s320x320_tt6&efg=eyJ2ZW5jb2RlX3RhZyI6InByb2ZpbGVfcGljLmRqYW5nby4xMDgwLmMyIn0&_nc_ht=instagram.flas1-1.fna.fbcdn.net&_nc_cat=1&_nc_oc=Q6cZ2QFL9fJ7JreJFzSJT-m36KNuvjQHp8AbDuTwnXXdvFWSg0cT1XOq5mXZut3wEwQD2ow&_nc_ohc=xNjUIox7zpAQ7kNvwHDQ2Kh&_nc_gid=ZOA2WRlyFpcV4GLa-0wmhA&edm=AOQ1c0wBAAAA&ccb=7-5&oh=00_AfhtxWc38lp0xdTG4K56CHErMnvd2fpS-zFurLnPq4WiXg&oe=692B406E&_nc_sid=8b3546
30,Phuong Ly,,https://www.instagram.com/may__lily,,0,2610940,0,2610940,https://scontent-lga3-2.cdninstagram.com/v/t51.2885-19/315353668_201024382330987_1164584728607125176_n.jpg?stp=dst-jpg_s320x320_tt6&efg=eyJ2ZW5jb2RlX3RhZyI6InByb2ZpbGVfcGljLmRqYW5nby4xMDgwLmMyIn0&_nc_ht=scontent-lga3-2.cdninstagram.com&_nc_cat=107&_nc_oc=Q6cZ2QFp3fyz1irz6Q9XqiZhzvVo0Fo3wjOauvn_UUgZcaoqLwlZRqliy2BGfSrRgwDCNf8&_nc_ohc=I_XCI2dKycEQ7kNvwFW4Qu1&_nc_gid=R5rW2ZCK5rsFtpVJVj0veQ&edm=AOQ1c0wBAAAA&ccb=7-5&oh=00_AfjmCQqiMgkPalz3vwdEDnV8Trag9iOtH8dfcFGBndmmAw&oe=692B55A2&_nc_sid=8b3546
31,@coldplayhq,,https://www.instagram.com/coldplayhq,,0,2609949,0,2609949,https://instagram.fsjc1-3.fna.fbcdn.net/v/t51.2885-19/121484197_344614639958330_6753880158659319668_n.jpg?stp=dst-jpg_s320x320_tt6&efg=eyJ2ZW5jb2RlX3RhZyI6InByb2ZpbGVfcGljLmRqYW5nby42ODMuYzIifQ&_nc_ht=instagram.fsjc1-3.fna.fbcdn.net&_nc_cat=102&_nc_oc=Q6cZ2QEPRsR5pw8u_cZPsbJv8-hiE_-Vv7tDtEbZ_xJNUuSjEVawlwzGJdJZO5Yrh_TigTs&_nc_ohc=3Ijc-vVKojkQ7kNvwF1-tW_&_nc_gid=PF1b2uW_vLTphuJBmBZ8ZA&edm=AOQ1c0wBAAAA&ccb=7-5&oh=00_AfiRuiD6i16vWL5QcoGlq5F9LkQdp2lIHpzFVGSdG5-p9A&oe=692B53A7&_nc_sid=8b3546
32,Tang Thanh Ha,,https://www.instagram.com/hatangthanh,,0,2570659,0,2570659,https://scontent-atl3-3.cdninstagram.com/v/t51.2885-19/41535323_325753167990924_9120933927224082432_n.jpg?stp=dst-jpg_s320x320_tt6&efg=eyJ2ZW5jb2RlX3RhZyI6InByb2ZpbGVfcGljLmRqYW5nby4xMDgwLmMyIn0&_nc_ht=scontent-atl3-3.cdninstagram.com&_nc_cat=1&_nc_oc=Q6cZ2QHBfkqKd6umYxUgDZYZL7vfKv5TiXoZzIQHczugx8sQR20aVxi1-tQYti3_3ybYScs&_nc_ohc=I9K8x5ypJE4Q7kNvwFUCovO&_nc_gid=KaoXAsZXkjzSNYOql8X1aQ&edm=AOQ1c0wBAAAA&ccb=7-5&oh=00_AfhX9VJHX4N1ixk5YuoVsWkhsi4XsVm6v2OIr_2xwrBy6Q&oe=692B4E37&_nc_sid=8b3546
33,Lovely Cat Online,,https://www.instagram.com/lovelycatonline,,0,2547973,0,2547973,https://instagram.fluk1-1.fna.fbcdn.net/v/t51.2885-19/20766938_1950096535236779_4842494455653072896_a.jpg?stp=dst-jpg_s320x320_tt6&efg=eyJ2ZW5jb2RlX3RhZyI6InByb2ZpbGVfcGljLmRqYW5nby4xMDgwLmMyIn0&_nc_ht=instagram.fluk1-1.fna.fbcdn.net&_nc_cat=111&_nc_oc=Q6cZ2QGXpiMdx1i0Dc3U5b7IWG2lERBtE-U9Pzie_YUUS4JZVyEPq-SZjZV_grR3BADKJ3k&_nc_ohc=5gwljlpFDYkQ7kNvwEUi8pZ&_nc_gid=B0-3xPCEj7ixEDO4iQ2mgQ&edm=AOQ1c0wBAAAA&ccb=7-5&oh=00_Afh5sCw2gy4Dy13JXEwhoLZJQ8LPfDwc4NsRlCkuf8z3oQ&oe=692B735D&_nc_sid=8b3546
34,SAM Official,,https://www.instagram.com/sam.ng_official,,0,2511338,0,2511338,https://scontent-ord5-3.cdninstagram.com/v/t51.2885-19/397969829_696840612499206_8011771147576507042_n.jpg?stp=dst-jpg_s320x320_tt6&efg=eyJ2ZW5jb2RlX3RhZyI6InByb2ZpbGVfcGljLmRqYW5nby4xMDgwLmMyIn0&_nc_ht=scontent-ord5-3.cdninstagram.com&_nc_cat=106&_nc_oc=Q6cZ2QEfevOishZ-hwU53rqEZmvP3LneODxl0YLOmjfw-Jm9Dh4hhRDCIySp6F932fvpArs&_nc_ohc=Pe8tEXwS7KEQ7kNvwGpgMZ8&_nc_gid=Rirf6jp0OoBW8DRgWiW02A&edm=AOQ1c0wBAAAA&ccb=7-5&oh=00_AfgPxjAylDJ-is5Ka8TkjrjxdvVSyNpX6FvrzQdbpSl8Kg&oe=692B50CD&_nc_sid=8b3546
35,Sƒ© Thanh,,https://www.instagram.com/sithanh,,0,2471106,0,2471106,https://scontent-lga3-3.cdninstagram.com/v/t51.2885-19/498247214_18507635788014248_6751038539149161097_n.jpg?stp=dst-jpg_s320x320_tt6&efg=eyJ2ZW5jb2RlX3RhZyI6InByb2ZpbGVfcGljLmRqYW5nby4xMDgwLmV4cGVyaW1lbnRhbCJ9&_nc_ht=scontent-lga3-3.cdninstagram.com&_nc_cat=108&_nc_oc=Q6cZ2QH4jiCD0vTeU5WlcpM8GatPfs3BtXomzkIWduRnpTL9Pf75QxTsaftQ-ZJLirb_w9M&_nc_ohc=0SSGzrx_1NYQ7kNvwEe6GC9&_nc_gid=Pl7E4F4HfnPqXBm6JLth-w&edm=AOQ1c0wBAAAA&ccb=7-5&oh=00_AfjoI8YA3oDhs_JDcG8hgVoEIwfalxsQ4fnMzG6RwSy2Zg&oe=692B70BD&_nc_sid=8b3546
36,MeiM√©i,,https://www.instagram.com/kimbingmei__,,0,2448759,0,2448759,https://scontent-atl3-3.cdninstagram.com/v/t51.2885-19/285037923_2113552912156532_6119266590532037888_n.jpg?stp=dst-jpg_s320x320_tt6&efg=eyJ2ZW5jb2RlX3RhZyI6InByb2ZpbGVfcGljLmRqYW5nby4xMDgwLmMyIn0&_nc_ht=scontent-atl3-3.cdninstagram.com&_nc_cat=108&_nc_oc=Q6cZ2QFSYXKH0OKzWhQYdOxJGoXLs6uaX8FfX1bdQZ6W3MACYmaxjV5EwZBaQtoY7dDGxko&_nc_ohc=pYX7DOSsCtwQ7kNvwH04KSm&_nc_gid=gb3SX_60A9pi_ZQFUSYe0Q&edm=AOQ1c0wBAAAA&ccb=7-5&oh=00_Afj5ZGQ3MbODTurlud8vYj0LkyhsZ0eZ1jjKdb0tslC_fw&oe=692B4814&_nc_sid=8b3546
37,Cute Cat Club,,https://www.instagram.com/cutecatonline,,0,2444837,0,2444837,https://scontent-hou1-1.cdninstagram.com/v/t51.2885-19/73381098_840141213106002_5354715081462513664_n.jpg?stp=dst-jpg_s320x320_tt6&efg=eyJ2ZW5jb2RlX3RhZyI6InByb2ZpbGVfcGljLmRqYW5nby4xMDgwLmMyIn0&_nc_ht=scontent-hou1-1.cdninstagram.com&_nc_cat=106&_nc_oc=Q6cZ2QFgfVQ4RRkDYpSwNMlDgwjZmWxVNs6JZi0VTbittyjl7R9ccvLfN7vZIbh7aL9sVM4&_nc_ohc=IIHG7VD-_2YQ7kNvwFe0hhv&_nc_gid=vr2pktnXQVKPEHVwqkDqnA&edm=AOQ1c0wBAAAA&ccb=7-5&oh=00_Afh8FBu9ctZsJWtzqJC_heqS_0O8v4D9wK3cE2UbR5XbqA&oe=692B53BC&_nc_sid=8b3546
38,Minh Hang,,https://www.instagram.com/minhhang2206,,0,2394940,0,2394940,https://scontent-iad3-1.cdninstagram.com/v/t51.2885-19/573278941_18542201833053328_8282455185181928315_n.jpg?stp=dst-jpg_s320x320_tt6&efg=eyJ2ZW5jb2RlX3RhZyI6InByb2ZpbGVfcGljLmRqYW5nby4xMDgwLmMyIn0&_nc_ht=scontent-iad3-1.cdninstagram.com&_nc_cat=104&_nc_oc=Q6cZ2QHK4N5eblEqQkaWnWvq-y3V7adzwZKJpnl94kT3aI58DYxFwsZC8wTe3ob3yXcL9oI&_nc_ohc=2oNf-ROdtd0Q7kNvwGX_GU4&_nc_gid=ORaMeSWxzV9z0uIAKLKeTA&edm=AOQ1c0wBAAAA&ccb=7-5&oh=00_AfhY5l0nuLBXS7MlyuyhiFL1J6pCZE12bA3luPkxeAC-mw&oe=692B59F7&_nc_sid=8b3546
39,Raushan kumar,,https://www.instagram.com/mangoman_763,,0,2393963,0,2393963,https://scontent-lga3-3.cdninstagram.com/v/t51.2885-19/412023632_670077448634298_2489314487669300359_n.jpg?stp=dst-jpg_s320x320_tt6&efg=eyJ2ZW5jb2RlX3RhZyI6InByb2ZpbGVfcGljLmRqYW5nby4xMDA4LmMyIn0&_nc_ht=scontent-lga3-3.cdninstagram.com&_nc_cat=1&_nc_oc=Q6cZ2QFjygf0NY8oi0s6lchvENWW5N0PRItU4oe3U5900jeh3m1AKL26AloM5szjE68BJhc&_nc_ohc=inWM5F0OOncQ7kNvwFUI-M2&_nc_gid=r-OSe5zl8QiURcDEQMk48w&edm=AOQ1c0wBAAAA&ccb=7-5&oh=00_AfgeTWfSRVFrxi40xCZjIB-et4QqjBgaMIfpNF06eVEqRg&oe=692B6908&_nc_sid=8b3546
40,HIEUTHUHAI,,https://www.instagram.com/hieuthuhai,,0,2386114,0,2386114,https://scontent-phx1-1.cdninstagram.com/v/t51.2885-19/485968247_1182684006561148_7523114327867566399_n.jpg?stp=dst-jpg_s320x320_tt6&efg=eyJ2ZW5jb2RlX3RhZyI6InByb2ZpbGVfcGljLmRqYW5nby4xMDgwLmMyIn0&_nc_ht=scontent-phx1-1.cdninstagram.com&_nc_cat=1&_nc_oc=Q6cZ2QGxqn1280SmMlndwzg5zOX53kzRQwHvzbQO6zVWn-kw6rvUL2-_xtSqwnYkOqxpc3DAsAB27dpyHDXJE76t8l1S&_nc_ohc=0WHPN4NIj70Q7kNvwEj0i20&_nc_gid=Qgj_QeXc2jx-ClieKyXizA&edm=AOQ1c0wBAAAA&ccb=7-5&oh=00_AfjgF9-7wecAyM9dSEepavGf36_ZtncJ90WDYMK4MbTQow&oe=692B5096&_nc_sid=8b3546
41,Bao Anh,,https://www.instagram.com/baoanh0309,,0,2374053,0,2374053,https://scontent-lga3-2.cdninstagram.com/v/t51.2885-19/345301638_794777665405279_2888397873068193460_n.jpg?stp=dst-jpg_s320x320_tt6&efg=eyJ2ZW5jb2RlX3RhZyI6InByb2ZpbGVfcGljLmRqYW5nby4xMDgwLmMyIn0&_nc_ht=scontent-lga3-2.cdninstagram.com&_nc_cat=107&_nc_oc=Q6cZ2QE8EE3_ThkO_if9qZD7NGgC8YwZNp2ImHumtBS2itnSeE09Dh8vIpd0yzDF_6C77OkldFDZoSRu-sQuhPlIM8k7&_nc_ohc=ArM_jj9_HZEQ7kNvwGkDWmg&_nc_gid=nB6C1N3IAvYFXUD8L5pchw&edm=AOQ1c0wBAAAA&ccb=7-5&oh=00_Afj_TQZtT-f7Gb598fS5qjnmPsWs4n_m4TZcnGRjFmWBCQ&oe=692B7176&_nc_sid=8b3546
42,LINH KA üç≠,,https://www.instagram.com/linggka109,,0,2351828,0,2351828,https://scontent-ord5-3.cdninstagram.com/v/t51.2885-19/499504130_18500542780021818_8323579783919280981_n.jpg?stp=dst-jpg_s320x320_tt6&efg=eyJ2ZW5jb2RlX3RhZyI6InByb2ZpbGVfcGljLmRqYW5nby40NDEuYzIifQ&_nc_ht=scontent-ord5-3.cdninstagram.com&_nc_cat=106&_nc_oc=Q6cZ2QG3JiOiJgrZY0bx1VZwir-nCfQohMsPZYgYkryhcE40RYrdMYNIQapoBQnoVXjqFPw&_nc_ohc=_1DqWfZxgaYQ7kNvwF5d3Kb&_nc_gid=y18glVr2E1XSWqiodC16iA&edm=AOQ1c0wBAAAA&ccb=7-5&oh=00_AfgAwGh7yiWAmM-Gx-zX-DwU_epZjFes3HJBCkbHXTKz8A&oe=692B438A&_nc_sid=8b3546
43,PhaÃ£m Trang,,https://www.instagram.com/chanchan.0411,,0,2322517,0,2322517,https://scontent-lga3-3.cdninstagram.com/v/t51.2885-19/540611070_18369757498151428_4569120246545493355_n.jpg?stp=dst-jpg_s320x320_tt6&efg=eyJ2ZW5jb2RlX3RhZyI6InByb2ZpbGVfcGljLmRqYW5nby4xMDgwLmMyIn0&_nc_ht=scontent-lga3-3.cdninstagram.com&_nc_cat=104&_nc_oc=Q6cZ2QF8WGGR0hDCvg87XQAeesbTQAb3kHAcLIPFAOa0rczJ0B7P48DBNipGfls1ZRsTHhQ&_nc_ohc=DNXw9Ki9hRcQ7kNvwG7bX7Z&_nc_gid=304HR2juVIzSxx7k99Wc6A&edm=AOQ1c0wBAAAA&ccb=7-5&oh=00_AfjFQfNkgLhv3xq9Lwe_t3SRoyUQcV45CY2UioOM_3ZaHQ&oe=692B551B&_nc_sid=8b3546
44,Happy Cat Club,,https://www.instagram.com/happycatclub,,0,2273991,0,2273991,https://scontent-ord5-2.cdninstagram.com/v/t51.2885-19/15337291_176285289506077_2320742856353906688_a.jpg?stp=dst-jpg_s320x320_tt6&efg=eyJ2ZW5jb2RlX3RhZyI6InByb2ZpbGVfcGljLmRqYW5nby43NjguYzIifQ&_nc_ht=scontent-ord5-2.cdninstagram.com&_nc_cat=1&_nc_oc=Q6cZ2QFcWjeqjcRo8JNSnTuyYIwqPAjpWFQgI0jRHPs6IkYMw_K_5RBNK5zLBezL_8hbzhg&_nc_ohc=166R6axSDFUQ7kNvwFES5sG&_nc_gid=RvUnJtHAd75r8V11cj8UVQ&edm=AOQ1c0wBAAAA&ccb=7-5&oh=00_Afjo0UmjhWiYrCVf4duoODwAHIZBNcljcqS8QAR7XU5JSw&oe=692B40EA&_nc_sid=8b3546
45,Dacha Rasmiy,,https://www.instagram.com/dacha.bor,,0,2245372,0,2245372,https://scontent-iad3-2.cdninstagram.com/v/t51.2885-19/455361753_360645600427367_7285352060454155450_n.jpg?stp=dst-jpg_s320x320_tt6&efg=eyJ2ZW5jb2RlX3RhZyI6InByb2ZpbGVfcGljLmRqYW5nby4xMDgwLmMyIn0&_nc_ht=scontent-iad3-2.cdninstagram.com&_nc_cat=111&_nc_oc=Q6cZ2QESTWSWtirFethP4EY-O9yedRavGt9vLAVClA5mMqPopikKWs79iWFvfrUjAmJNeNY&_nc_ohc=SpHYXdslze8Q7kNvwFq61v8&_nc_gid=Q8xcK9MBU-kab2lF4AjHvg&edm=AOQ1c0wBAAAA&ccb=7-5&oh=00_AfgX_fr1RfjY6Ea32Si9qnUlZWsBx-hPPicr3UxO1r1-vg&oe=692B3ED1&_nc_sid=8b3546
46,L√™ Tr∆∞∆°ng Ng·ªçc Th·∫£o,,https://www.instagram.com/ngocthao_official,,0,2202499,0,2202499,https://scontent-mia3-1.cdninstagram.com/v/t51.2885-19/552966103_18531261589012019_2494751852800827485_n.jpg?stp=dst-jpg_s320x320_tt6&efg=eyJ2ZW5jb2RlX3RhZyI6InByb2ZpbGVfcGljLmRqYW5nby4xMDgwLmMyIn0&_nc_ht=scontent-mia3-1.cdninstagram.com&_nc_cat=111&_nc_oc=Q6cZ2QHKOainlk72IhmoGB6bfPP8ohtYtSytlb-MBkC4axgffOh3tDFP75c2-6IEAK9FQ-8knM_O4t67YJHLj7KritVT&_nc_ohc=LJ-KQZxXnS4Q7kNvwEziWGN&_nc_gid=vhy2W0S1Lu82Nw-yOlmCuw&edm=AOQ1c0wBAAAA&ccb=7-5&oh=00_AfirUMZrGzoLfaLbCp4VGB-GjVm3dD7uV2X1ggQr1zboJA&oe=692B3F90&_nc_sid=8b3546
47,Nguy·ªÖn ƒê·ª©c Ph√∫c,,https://www.instagram.com/nguyenducphuc_,,0,2193764,0,2193764,https://scontent-det1-1.cdninstagram.com/v/t51.2885-19/458399257_1445128459486572_1188587123092733051_n.jpg?stp=dst-jpg_s320x320_tt6&efg=eyJ2ZW5jb2RlX3RhZyI6InByb2ZpbGVfcGljLmRqYW5nby4xMDgwLmMyIn0&_nc_ht=scontent-det1-1.cdninstagram.com&_nc_cat=100&_nc_oc=Q6cZ2QEIIY7zvbORaa4ljd_42o9InsO6rM-35cxhsAT0KbCgrC-GmdhJ7xCQdY7FKqI6078&_nc_ohc=5u7_pxh6Ss0Q7kNvwGO4ZeH&_nc_gid=BkK7gsSDbDoe3pzY9N3D2w&edm=AOQ1c0wBAAAA&ccb=7-5&oh=00_AfjkKX_Qd7t6TwPODv1Mq3QoI7_JTDD9DeZer6nQesG0lQ&oe=692B5FCA&_nc_sid=8b3546
48,JUN VUÃÉ Ï§ÄÎ∂Ä ‡∏à‡∏π‡∏ô‡∏ß‡∏π,,https://www.instagram.com/junvu95,,0,2122440,0,2122440,https://instagram.ffcm1-2.fna.fbcdn.net/v/t51.2885-19/590404062_18553757686051456_5470995793755322655_n.jpg?stp=dst-jpg_s320x320_tt6&efg=eyJ2ZW5jb2RlX3RhZyI6InByb2ZpbGVfcGljLmRqYW5nby4xMDgwLmMyIn0&_nc_ht=instagram.ffcm1-2.fna.fbcdn.net&_nc_cat=104&_nc_oc=Q6cZ2QH24m2elqcty69ECbW0ieXFWmKgr6-7plofdvD9O0pztPMGow3Sm8zmGpaT37ARtRA&_nc_ohc=Ls2zdoax7kYQ7kNvwE7peTB&_nc_gid=Ic7DQp218yOoSma_H3MBeg&edm=AOQ1c0wBAAAA&ccb=7-5&oh=00_AfiCYGlfr51QbHmsQpfxfs_3y3WrDD-I8EaZABrXeNz_BA&oe=692B6BDE&_nc_sid=8b3546
49,jenny huynh,,https://www.instagram.com/jenny.huynh._,,0,2108650,0,2108650,https://scontent-dfw5-3.cdninstagram.com/v/t51.2885-19/521313632_18521479948019732_7033603184420516764_n.jpg?stp=dst-jpg_s320x320_tt6&efg=eyJ2ZW5jb2RlX3RhZyI6InByb2ZpbGVfcGljLmRqYW5nby4xMDgwLmMyIn0&_nc_ht=scontent-dfw5-3.cdninstagram.com&_nc_cat=108&_nc_oc=Q6cZ2QEInfFvZa04bMjL3ihZi6Uf1xa9SMGaetdzj5zq3rwxZ1R_tBHuhokbWJOt7DMiXmUWde1cDd3GqVPch4fhiw23&_nc_ohc=1gU1ptupn5UQ7kNvwG82BdE&_nc_gid=hZcjKVn766qzcJ__VNLdKQ&edm=AOQ1c0wBAAAA&ccb=7-5&oh=00_AfiWi8_JuoYUsNAz1H645-aGsqTKY4m8qOor9dJ7DLzJiQ&oe=692B51E8&_nc_sid=8b3546
50,Trang Lou,,https://www.instagram.com/loungu,,0,2086499,0,2086499,https://scontent-sea1-1.cdninstagram.com/v/t51.2885-19/437264470_1594238304696493_3025214156952508171_n.jpg?stp=dst-jpg_s320x320_tt6&efg=eyJ2ZW5jb2RlX3RhZyI6InByb2ZpbGVfcGljLmRqYW5nby4xMDgwLmMyIn0&_nc_ht=scontent-sea1-1.cdninstagram.com&_nc_cat=101&_nc_oc=Q6cZ2QGYmvyzY_rMG8B6e8yVLSjBbbIVyC3T_a6XLc59lF7vVAVNEkmI22GYGQ6FR0NzTAU&_nc_ohc=fVFFfeAnz7cQ7kNvwH4B15H&_nc_gid=n19JxRe11UKYTbnG_b9FwA&edm=AOQ1c0wBAAAA&ccb=7-5&oh=00_AfjJ7GGJOfrlwLZaSox5rT7PLD9ZyKNQlFQkQyNtZaMpPg&oe=692B7081&_nc_sid=8b3546
51,ùêÇùê¢ùê¢ùêç ü™Ñ,,https://www.instagram.com/l.ciin,,0,2074057,0,2074057,https://scontent-mia5-2.cdninstagram.com/v/t51.2885-19/558975901_18415141717106327_4059436401111723658_n.jpg?stp=dst-jpg_s320x320_tt6&efg=eyJ2ZW5jb2RlX3RhZyI6InByb2ZpbGVfcGljLmRqYW5nby4xMDgwLmMyIn0&_nc_ht=scontent-mia5-2.cdninstagram.com&_nc_cat=1&_nc_oc=Q6cZ2QH6Kbmf9m7VGRfytmstjVunBRxAV0z0-Dgewrh-DfXKeiswqvJgAsSRxLsIaj_7shA&_nc_ohc=ci-chgoOYE8Q7kNvwF9CZd_&_nc_gid=p8ZaiMlsvhibilv49jk2Qw&edm=AOQ1c0wBAAAA&ccb=7-5&oh=00_AfgXp4t1op0vqQQ7lVouOEIT0fQIU4XAcuzogDhh32Jn1A&oe=692B5920&_nc_sid=8b3546
52,Anh TuÃÅ Atus,,https://www.instagram.com/atus310,,0,2073609,0,2073609,https://scontent-ord5-3.cdninstagram.com/v/t51.2885-19/483436845_1203146584704007_1147158596713408894_n.jpg?stp=dst-jpg_s320x320_tt6&efg=eyJ2ZW5jb2RlX3RhZyI6InByb2ZpbGVfcGljLmRqYW5nby4xMDgwLmMyIn0&_nc_ht=scontent-ord5-3.cdninstagram.com&_nc_cat=107&_nc_oc=Q6cZ2QFnVtRrtdJJ6HDEDhqvl_Qdez9OygNq2F5mA4Pea0BR26TVCujgBkdqorT8M-u80uw&_nc_ohc=cbal8tbdfu8Q7kNvwGLGoBc&_nc_gid=h37UscqabHiBUBhAU4wKkw&edm=AOQ1c0wBAAAA&ccb=7-5&oh=00_AfjjUUyO8y-Vfk4uhPPR2Djj8te40tk2B_k-4lu5E0FUsQ&oe=692B75E1&_nc_sid=8b3546
53,V√µ N·ªØ Ng√¢n H√†,,https://www.instagram.com/nganha.203,,0,2042718,0,2042718,https://scontent-dfw5-2.cdninstagram.com/v/t51.2885-19/574317652_18302972794264033_2231301237836858421_n.jpg?stp=dst-jpg_s320x320_tt6&efg=eyJ2ZW5jb2RlX3RhZyI6InByb2ZpbGVfcGljLmRqYW5nby4xMDgwLmMyIn0&_nc_ht=scontent-dfw5-2.cdninstagram.com&_nc_cat=1&_nc_oc=Q6cZ2QEUZpak-pPCb_9ZL6Ca7gyR3XYRfAfDEG5sZmujJJYQlLLbkGVlT2L1vj9LPQhVi7E&_nc_ohc=VUhwIC25DrkQ7kNvwHyyVHy&_nc_gid=JtSg3LMUZSf_kXkiz_sjOw&edm=AOQ1c0wBAAAA&ccb=7-5&oh=00_AfhYYJ3CXB87Xc4vnzIDa2HkhxnBzTOv9AYQhESvKrRt0A&oe=692B5761&_nc_sid=8b3546
54,ƒêen VaÃÇu,,https://www.instagram.com/den.vau,,0,2007793,0,2007793,https://scontent-lga3-1.cdninstagram.com/v/t51.2885-19/34982715_261940734543158_7375153360623632384_n.jpg?stp=dst-jpg_s320x320_tt6&efg=eyJ2ZW5jb2RlX3RhZyI6InByb2ZpbGVfcGljLmRqYW5nby40NTAuYzIifQ&_nc_ht=scontent-lga3-1.cdninstagram.com&_nc_cat=102&_nc_oc=Q6cZ2QGFwumnuvqM0iPL50wJdgwIZ9SwVKhseo165I7t3r7yZVp1CzlRrAwim1l0aDJlNhE&_nc_ohc=30Y1-uwhs9YQ7kNvwFjtOoJ&_nc_gid=N7pOUePi6U2s6TnqjMGX-Q&edm=AOQ1c0wBAAAA&ccb=7-5&oh=00_Afh-WPmvrB7PC2_H4IOMKVP6lky-lER5X0a38u6wNMBkJg&oe=692B6AC8&_nc_sid=8b3546
55,Diem My,,https://www.instagram.com/diemmyvu,,0,1936564,0,1936564,https://scontent-ord5-2.cdninstagram.com/v/t51.2885-19/491895036_18501052219008893_8818779670462220699_n.jpg?stp=dst-jpg_s320x320_tt6&efg=eyJ2ZW5jb2RlX3RhZyI6InByb2ZpbGVfcGljLmRqYW5nby4xMDgwLmMyIn0&_nc_ht=scontent-ord5-2.cdninstagram.com&_nc_cat=105&_nc_oc=Q6cZ2QF6mF1gmxjw3tKFhUIX4zStO7zJ_X6X1jb0DmYYEiyhn8LELIS6UHBApzXZxwz-Xu0&_nc_ohc=5GaEyzRQSWgQ7kNvwGqo7eD&_nc_gid=E2esazkS8DRUTkbAc40WkQ&edm=AOQ1c0wBAAAA&ccb=7-5&oh=00_AfiJOSV4dlAFDf57Tzwm2MiC1jqs-JYbj_VYrh2wZWTdpg&oe=692B5EB4&_nc_sid=8b3546
56,GirlChill,,https://www.instagram.com/girlchill_sunset,,0,1909580,0,1909580,https://scontent-iad3-2.cdninstagram.com/v/t51.2885-19/242849411_449474569732949_5607941236973021403_n.jpg?stp=dst-jpg_s320x320_tt6&efg=eyJ2ZW5jb2RlX3RhZyI6InByb2ZpbGVfcGljLmRqYW5nby43NTAuYzIifQ&_nc_ht=scontent-iad3-2.cdninstagram.com&_nc_cat=105&_nc_oc=Q6cZ2QHpBEiI7pjkFw9hLEdfDULGHO9IqYmm7uu1P7YAg14TyAi9LeQAzkN-sJ5-dpR0e-Y&_nc_ohc=-u2wusaX4BcQ7kNvwGEcpMh&_nc_gid=se00BtGOKD5BQCLg_LAdAg&edm=AOQ1c0wBAAAA&ccb=7-5&oh=00_AfhSyqAICDOjKzKYHWDqit2_wxEoigheXVaWq34hF5vGEA&oe=692B4816&_nc_sid=8b3546
57,ùêäùê°ùêöÃâ ùêçùê†ùêöÃÇùêß,,https://www.instagram.com/imkhangan,,0,1877080,0,1877080,https://scontent-lax3-2.cdninstagram.com/v/t51.2885-19/572728457_18533252014019478_1195705888207379996_n.jpg?stp=dst-jpg_s320x320_tt6&efg=eyJ2ZW5jb2RlX3RhZyI6InByb2ZpbGVfcGljLmRqYW5nby4xMDgwLmMyIn0&_nc_ht=scontent-lax3-2.cdninstagram.com&_nc_cat=106&_nc_oc=Q6cZ2QEZLXCk4j_5FhTZ_k86NlePXRizttFFy1yiqbz0rweMdSvR4eElFtAaFcY1n8_XyDQvIC8voXXayrzWqV9H73W4&_nc_ohc=GjOtYsTvli4Q7kNvwH6-wff&_nc_gid=Kx0zcide58Tagu-kIzzF4Q&edm=AOQ1c0wBAAAA&ccb=7-5&oh=00_AfjTq-upSlSIQ77VGC4agavVXeuhlRDm6fm3XNB58CEosg&oe=692B69CA&_nc_sid=8b3546
58,MIN,,https://www.instagram.com/minminmin0712,,0,1880660,0,1880660,https://scontent-dfw5-2.cdninstagram.com/v/t51.2885-19/567957028_18539982433043539_7171712128340251432_n.jpg?stp=dst-jpg_s320x320_tt6&efg=eyJ2ZW5jb2RlX3RhZyI6InByb2ZpbGVfcGljLmRqYW5nby4xMDgwLmMyIn0&_nc_ht=scontent-dfw5-2.cdninstagram.com&_nc_cat=1&_nc_oc=Q6cZ2QGg9BOBhw0lDQgLfnvkEQJLvYK-A_WhogmoJlz7X07-V2KlX5uL6Jd29m_n4VtRaq4&_nc_ohc=Xq_DypbUrGwQ7kNvwHYSDC6&_nc_gid=7wvqSUfKKp1nvqhMFWFlAw&edm=AOQ1c0wBAAAA&ccb=7-5&oh=00_AfjqqJWvrd4-EU4Zq6JiS4H9Cs6omOicXDaAOHev5RmFRw&oe=692B5A1C&_nc_sid=8b3546
59,PhaÃ£m Thanh HaÃÜÃÄng,,https://www.instagram.com/phamthanhhang_,,0,1865491,0,1865491,https://instagram.fabe1-1.fna.fbcdn.net/v/t51.2885-19/583893491_18547460908019391_95798134961446074_n.jpg?stp=dst-jpg_s320x320_tt6&efg=eyJ2ZW5jb2RlX3RhZyI6InByb2ZpbGVfcGljLmRqYW5nby4xMDgwLmMyIn0&_nc_ht=instagram.fabe1-1.fna.fbcdn.net&_nc_cat=103&_nc_oc=Q6cZ2QGPtl87SDQhYfnR5ZwB4yUpB358_Eg-Lah6fHzdgGLzr5MGuKMECRExyo3o_TZRH_8&_nc_ohc=w2paK6zTVZ8Q7kNvwEDc7sY&_nc_gid=VNiYGLXrXw6Q_tkNueYsNg&edm=AOQ1c0wBAAAA&ccb=7-5&oh=00_AfjhBDlqcBpyFX_Y8BqUa3MAPsxm42H3qaxVX4ibPg_Axg&oe=692B694E&_nc_sid=8b3546
60,Nguyen Cao Ky Duyen,,https://www.instagram.com/kyduyen1311,,0,1828497,0,1828497,https://scontent-lga3-3.cdninstagram.com/v/t51.2885-19/515110594_18513501334008263_5685607315250723395_n.jpg?stp=dst-jpg_s320x320_tt6&efg=eyJ2ZW5jb2RlX3RhZyI6InByb2ZpbGVfcGljLmRqYW5nby4xMDgwLmMyIn0&_nc_ht=scontent-lga3-3.cdninstagram.com&_nc_cat=1&_nc_oc=Q6cZ2QFIaaZST4TEKW99sv9JOraB9rcsrrfZuu59JVhuw1QWCvDY7cA0WyAfqm5XNdr1_H0&_nc_ohc=MLgxRG7unU4Q7kNvwF_W_uc&_nc_gid=Svr19YWTXy4VU7hIUbOltw&edm=AOQ1c0wBAAAA&ccb=7-5&oh=00_AfioNW7U3UK-0cAiYFh580gS8zYhRJwGpNKxLKHf0xDxGw&oe=692B4A4A&_nc_sid=8b3546
61,Sugarpill Cosmetics,,https://www.instagram.com/sugarpill,,0,1764385,0,1764385,https://scontent-lga3-2.cdninstagram.com/v/t51.2885-19/352409199_205080805494581_5777243607405806197_n.jpg?stp=dst-jpg_s320x320_tt6&efg=eyJ2ZW5jb2RlX3RhZyI6InByb2ZpbGVfcGljLmRqYW5nby4zMjAuYzIifQ&_nc_ht=scontent-lga3-2.cdninstagram.com&_nc_cat=105&_nc_oc=Q6cZ2QGtS4LlqvOzkgYWdQKz7nD16OUd8m-0qxgJ4oaaXjrzcLAyQeTO-EMPyjxMei9LBEs&_nc_ohc=o27O_B-h6YoQ7kNvwEKFcrn&_nc_gid=mb_wMtJbO7sJvL90L-tKcQ&edm=AOQ1c0wBAAAA&ccb=7-5&oh=00_AfhBuQo8BkmXjFm5S7be_aEoI6r0wpKtlVT9ccwh_5VPSQ&oe=692B6A20&_nc_sid=8b3546
62,Jun PhaÃ£m „Éº PhaÃ£m Duy ThuaÃ£ÃÇn,,https://www.instagram.com/junpham,,0,1761842,0,1761842,https://scontent-lga3-2.cdninstagram.com/v/t51.2885-19/551381449_18528952999040893_8928488857443689812_n.jpg?stp=dst-jpg_s320x320_tt6&efg=eyJ2ZW5jb2RlX3RhZyI6InByb2ZpbGVfcGljLmRqYW5nby4xMDgwLmMyIn0&_nc_ht=scontent-lga3-2.cdninstagram.com&_nc_cat=101&_nc_oc=Q6cZ2QHwVuUDyTVt-Oz9J9BvbFI2vVxCVORaZy3AJWr1AFvlAOW6-nT1AJLKNuqjuZrznjo&_nc_ohc=nVo178rkStMQ7kNvwGqqOQg&_nc_gid=i4JiU8xUEZ9lwQIqqU8o_Q&edm=AOQ1c0wBAAAA&ccb=7-5&oh=00_Afh45XAAm4xmcrPeTAHwgwoAtuGb2-bygdllY1gGVCNUVg&oe=692B4731&_nc_sid=8b3546
63,Krav Maga,,https://www.instagram.com/kravmagaasteroid,,0,1678975,0,1678975,https://scontent-ord5-3.cdninstagram.com/v/t51.2885-19/329824342_213003661189243_5290337785854069553_n.jpg?stp=dst-jpg_s320x320_tt6&efg=eyJ2ZW5jb2RlX3RhZyI6InByb2ZpbGVfcGljLmRqYW5nby4zMjAuYzIifQ&_nc_ht=scontent-ord5-3.cdninstagram.com&_nc_cat=107&_nc_oc=Q6cZ2QHc8Z96qugxIjyDURt1WalGxGKQgqEr87f5dvWnHKsemjd2Kisgp3vaFQYLKcWzVKI&_nc_ohc=x_cS4GD2_wMQ7kNvwFwJQ5p&_nc_gid=shD1Uwai8CVPXM0d3fu4fA&edm=AOQ1c0wBAAAA&ccb=7-5&oh=00_AfgF8NDYDEdK1jsPA121XrGut2_YrpCaotkZnPUlj6dKTQ&oe=692B5296&_nc_sid=8b3546
64,Ho√†ng Kim Ng√¢n,,https://www.instagram.com/salimhwg,,0,1729903,0,1729903,https://scontent-ord5-3.cdninstagram.com/v/t51.2885-19/517001147_18513674476038694_4083613904724772832_n.jpg?stp=dst-jpg_s320x320_tt6&efg=eyJ2ZW5jb2RlX3RhZyI6InByb2ZpbGVfcGljLmRqYW5nby4xMDgwLmMyIn0&_nc_ht=scontent-ord5-3.cdninstagram.com&_nc_cat=1&_nc_oc=Q6cZ2QGic1TDOavOGUVwEXoWbnw8UMaSOiNjaXknfS5DX3fAPYQH8JttMC24JJKXrJ9yuOc&_nc_ohc=67v9UiIPZRIQ7kNvwEyXsmn&_nc_gid=Eyl9bki555P4GJyFNVadsA&edm=AOQ1c0wBAAAA&ccb=7-5&oh=00_Afi8RTxuUcu0T8GNGyJ8VSGnLFLEFc0saohrqBATVS9IPg&oe=692B636A&_nc_sid=8b3546
65,The DIY Hack üè°,,https://www.instagram.com/thediyhack,,0,1716460,0,1716460,https://instagram.fcps4-1.fna.fbcdn.net/v/t51.2885-19/357745970_795367992251680_421667830610466185_n.jpg?stp=dst-jpg_s320x320_tt6&efg=eyJ2ZW5jb2RlX3RhZyI6InByb2ZpbGVfcGljLmRqYW5nby41MDAuYzIifQ&_nc_ht=instagram.fcps4-1.fna.fbcdn.net&_nc_cat=104&_nc_oc=Q6cZ2QEuIcpZWyxpYjTLfUubTQdO3V9CUqP-HvhIUdFdj7M7rovgtwbMI0PGHAt66mw9LY3V4hHVWuqrzjjYeMhPmRVx&_nc_ohc=xbvix2SWkrYQ7kNvwFeJIE5&_nc_gid=-ydFRNztfnqgwWH8BWm2ZA&edm=AOQ1c0wBAAAA&ccb=7-5&oh=00_Afisan0HyALamNn-xTqNX6ttNl77nJ75SHP85KtoMvuUdg&oe=692B47CD&_nc_sid=8b3546
66,Anthony Cuts | Hair Makeup Beauty Lifestyle,,https://www.instagram.com/anthonycuts,,0,1687334,0,1687334,https://scontent-iad3-2.cdninstagram.com/v/t51.2885-19/459958254_500483659540371_7406514180155171589_n.jpg?stp=dst-jpg_s320x320_tt6&efg=eyJ2ZW5jb2RlX3RhZyI6InByb2ZpbGVfcGljLmRqYW5nby4xMDgwLmMyIn0&_nc_ht=scontent-iad3-2.cdninstagram.com&_nc_cat=103&_nc_oc=Q6cZ2QFpcmlXqumT8DsTyQqzgADS_CE9YATYq7StxY265GqkM_epdHTwUP1T9fAy2u7XNuk&_nc_ohc=p-lwMjYBGaAQ7kNvwEtcP_r&_nc_gid=iMPphne2gIpqinmJFaMGOA&edm=AOQ1c0wBAAAA&ccb=7-5&oh=00_AfgnIT4VZu8FyhmfnjJID-CyHS2n9GCEWMCcxCG924Ejhw&oe=692B74E0&_nc_sid=8b3546
67,Naturally Lean üå±‚ù§Ô∏è,,https://www.instagram.com/womanbodytip,,0,1643144,0,1643144,https://scontent-atl3-2.cdninstagram.com/v/t51.2885-19/508366619_18041790557536213_430805950281868971_n.jpg?stp=dst-jpg_s320x320_tt6&efg=eyJ2ZW5jb2RlX3RhZyI6InByb2ZpbGVfcGljLmRqYW5nby40NTYuYzIifQ&_nc_ht=scontent-atl3-2.cdninstagram.com&_nc_cat=101&_nc_oc=Q6cZ2QFNd1Emlp1eBt_qwqO97oOqceRd39EqouCTQqGUfpLfBNJmAUyUpXKkKOQhBE72A7c&_nc_ohc=33z-bv3NOB8Q7kNvwF2YpM_&_nc_gid=p7pagJ4znv7giiL81vPQ9A&edm=AOQ1c0wBAAAA&ccb=7-5&oh=00_Afh_WtC5_YVIWMIzeEXNyzPnn58MOomCz7hiFdqDQxy6aA&oe=692B4965&_nc_sid=8b3546
68,Boxing ‚úå,,https://www.instagram.com/boxing_stigram,,0,1602668,0,1602668,https://scontent-dfw5-1.cdninstagram.com/v/t51.2885-19/411971050_333146602945145_530459008718055217_n.jpg?stp=dst-jpg_s320x320_tt6&efg=eyJ2ZW5jb2RlX3RhZyI6InByb2ZpbGVfcGljLmRqYW5nby4xMDgwLmMyIn0&_nc_ht=scontent-dfw5-1.cdninstagram.com&_nc_cat=105&_nc_oc=Q6cZ2QH2fb3X-rVQzH4KFBF37wbPbq9U0wlnGTmAL4HRS8wbem4yyVN0jsa1MVS82kdn-bo&_nc_ohc=4o8rMKjxrSEQ7kNvwG9mCM0&_nc_gid=0Gk-5AUerqBZPlRJH9Cq_Q&edm=AOQ1c0wBAAAA&ccb=7-5&oh=00_Afh1GRqfzjN3MjZgC7Mn7CJOy969WW_I1a9GZpzlDmanGw&oe=692B5AB9&_nc_sid=8b3546
69,ÍπÄÏõêÌïÑ,,https://www.instagram.com/kimwon.pil,,0,1600599,0,1600599,https://scontent-atl3-1.cdninstagram.com/v/t51.2885-19/410548298_1147214469494922_4381633450874027909_n.jpg?stp=dst-jpg_s320x320_tt6&efg=eyJ2ZW5jb2RlX3RhZyI6InByb2ZpbGVfcGljLmRqYW5nby44MjguYzIifQ&_nc_ht=scontent-atl3-1.cdninstagram.com&_nc_cat=106&_nc_oc=Q6cZ2QEV0f_9-4sa6rlzxrV1ccQs_t_Bye0i-0TP58MvscM_g_j-c9vzwHec6LbxbTA3ySs&_nc_ohc=cguyet4asI8Q7kNvwEffOsm&_nc_gid=7FTpGXwsc6yUyWVjuc2CVQ&edm=AOQ1c0wBAAAA&ccb=7-5&oh=00_AfhFExdjiRIV32Q3iHkFGzbMnG-7fexnDyVTp9C7BQOKhA&oe=692B5603&_nc_sid=8b3546
70,FA BHAI,,https://www.instagram.com/fa_bhai1122,,0,1594473,0,1594473,https://scontent-iad3-1.cdninstagram.com/v/t51.2885-19/316120930_673311707710092_9184714347926267684_n.jpg?stp=dst-jpg_s320x320_tt6&efg=eyJ2ZW5jb2RlX3RhZyI6InByb2ZpbGVfcGljLmRqYW5nby4xMDgwLmMyIn0&_nc_ht=scontent-iad3-1.cdninstagram.com&_nc_cat=1&_nc_oc=Q6cZ2QHZ6D79ZQACOLTiJASmATPN4-JVROCfR6aFEC3Isq8ckB9nbvXYQ0qQRY7HylqGKfw&_nc_ohc=3jJj0DbvecoQ7kNvwGxmHjo&_nc_gid=FA0k4XUHj7toX6sF4pOF4A&edm=AOQ1c0wBAAAA&ccb=7-5&oh=00_AfhJ8YMAkRYkQ3pYzY1spw2Ofm9qmIXOFLNyDwPuTcBBxA&oe=692B5C90&_nc_sid=8b3546
71,Khushi Baliyan,,https://www.instagram.com/khushi_baliyan31,,0,1802027,0,1802027,https://scontent-iad3-2.cdninstagram.com/v/t51.2885-19/329262576_869801087620663_3066090816480106412_n.jpg?stp=dst-jpg_s320x320_tt6&efg=eyJ2ZW5jb2RlX3RhZyI6InByb2ZpbGVfcGljLmRqYW5nby4xMDgwLmMyIn0&_nc_ht=scontent-iad3-2.cdninstagram.com&_nc_cat=1&_nc_oc=Q6cZ2QHrOEXWgoTK9_gOYFHdIhPFv8SmmoihEzDnqZsal0CFdkM4xNblCT4MK00KQYZW91M&_nc_ohc=AlbwZYaUNFAQ7kNvwGIZZtp&_nc_gid=ZPggM8cONOFxKG2A1w-KYA&edm=AOQ1c0wBAAAA&ccb=7-5&oh=00_AfiM8YD8UFmMdMHdSbhd-417t-gpcjN4Cj-qHrQVBjcHCw&oe=692B5F9C&_nc_sid=8b3546
72,Lebong,,https://www.instagram.com/lebong95,,0,1514145,0,1514145,https://scontent-xxb1-1.cdninstagram.com/v/t51.2885-19/491896066_972536544732392_8886628990353376960_n.jpg?stp=dst-jpg_s320x320_tt6&efg=eyJ2ZW5jb2RlX3RhZyI6InByb2ZpbGVfcGljLmRqYW5nby4xMDgwLmMyIn0&_nc_ht=scontent-xxb1-1.cdninstagram.com&_nc_cat=108&_nc_oc=Q6cZ2QEnyg8uFLIBSfxoxrnCyGVavpqX5vbbWoV-hsf_pJMXNHEnugbmq_QLUpdk0wKG0Zw&_nc_ohc=1kasXNiZuBkQ7kNvwHWZYPL&_nc_gid=AbZvS8BUFG8_P0FCjo9PIg&edm=AOQ1c0wBAAAA&ccb=7-5&oh=00_AfjLep9SXP1QQVA8r_8Bs7SFk4Rkou_DDYc4AzOGzBN8tg&oe=692B527B&_nc_sid=8b3546
73,Phat To,,https://www.instagram.com/phodacbiet,,0,1507522,0,1507522,https://scontent-lax7-1.cdninstagram.com/v/t51.2885-19/497851204_18509047456041365_6703739253952240544_n.jpg?stp=dst-jpg_s320x320_tt6&efg=eyJ2ZW5jb2RlX3RhZyI6InByb2ZpbGVfcGljLmRqYW5nby4xMDgwLmMyIn0&_nc_ht=scontent-lax7-1.cdninstagram.com&_nc_cat=105&_nc_oc=Q6cZ2QEpduuF3dFd6jZ4qzwzayVA3moY-Xi6EUnJcty-S91SIZw_LifiPvNi157c9e7gmsM&_nc_ohc=fwTCWtPZcQkQ7kNvwERKtYX&_nc_gid=jw6pgK60luEhHDlPaiMN0g&edm=AOQ1c0wBAAAA&ccb=7-5&oh=00_Afjr6OTn5AN_pWsI7JWgAkRCBzi-7oWctwWwsmtFArZLBA&oe=692B553A&_nc_sid=8b3546
74,Green Farm Forum,,https://www.instagram.com/greenfarmforum,,0,1506946,0,1506946,https://scontent-lga3-2.cdninstagram.com/v/t51.2885-19/475993821_3979378212308241_7715361886318531014_n.jpg?stp=dst-jpg_s320x320_tt6&efg=eyJ2ZW5jb2RlX3RhZyI6InByb2ZpbGVfcGljLmRqYW5nby4xMDgwLmMyIn0&_nc_ht=scontent-lga3-2.cdninstagram.com&_nc_cat=109&_nc_oc=Q6cZ2QEHTz453HSfYCU9LCtPoMPnpPIDgbLsXpMxe7nS8Ft-bVVAD4Z3woa8SBxYVXRDgTU&_nc_ohc=SRaZN-1YlnEQ7kNvwFjpuCO&_nc_gid=e1dLr56lrrKshV00UbWuRw&edm=AOQ1c0wBAAAA&ccb=7-5&oh=00_Afi6JrcMYENR1CSNrM_HjJD_84rTMUeYugoEJcgaYKCkIQ&oe=692B593D&_nc_sid=8b3546
75,KATALOGPROMOSI | DISKON / SALE / KATALOG,,https://www.instagram.com/katalogpromosi,,0,1469412,0,1469412,https://scontent-atl3-1.cdninstagram.com/v/t51.2885-19/446934565_1003317384139641_320985006891786873_n.jpg?stp=dst-jpg_s320x320_tt6&efg=eyJ2ZW5jb2RlX3RhZyI6InByb2ZpbGVfcGljLmRqYW5nby41MDAuYzEifQ&_nc_ht=scontent-atl3-1.cdninstagram.com&_nc_cat=1&_nc_oc=Q6cZ2QEycm25Ez0UNUEJkk3FXcIc7a6lJFETygXw0HeHeYpVmviePN6xL5CL-nS6Nq9fqfk&_nc_ohc=35_pCv8EFQ0Q7kNvwFlWwnA&_nc_gid=NdH0kNw4yNhwAuZuiFUdCQ&edm=AOQ1c0wBAAAA&ccb=7-5&oh=00_AfjidhOFnqVrIfi3dSAB__HvH2RLq4NuSeIZyDnQfhZIdQ&oe=692B5E2C&_nc_sid=8b3546
76,Antoinette khoury,,https://www.instagram.com/noni.kh26,,0,1462911,0,1462911,https://scontent-iad3-2.cdninstagram.com/v/t51.2885-19/583631422_18551067952050563_6280630713405555496_n.jpg?stp=dst-jpg_s320x320_tt6&efg=eyJ2ZW5jb2RlX3RhZyI6InByb2ZpbGVfcGljLmRqYW5nby4xMDgwLmMyIn0&_nc_ht=scontent-iad3-2.cdninstagram.com&_nc_cat=111&_nc_oc=Q6cZ2QGWFtmbYh92Vz-P0Y1waFJ3R2cpZCRc4Z0-sS6PfbVOrlGwKBl60734SYKb2UEEM6w&_nc_ohc=YXqcJSzju_gQ7kNvwGvQ_LA&_nc_gid=IJ_ryITu8cMaUQfuBtuNwA&edm=AOQ1c0wBAAAA&ccb=7-5&oh=00_AfjpHcHSLZFELCmj_i1mvY3R9Sxx3sR8HFZAl05F7N_UaQ&oe=692B55DF&_nc_sid=8b3546
77,H√≥ng H·ªõt Showbiz,,https://www.instagram.com/honghot.showbiz,,0,1438701,0,1438701,https://scontent-mia5-2.cdninstagram.com/v/t51.2885-19/497515157_18459484927075884_5270751489945772871_n.jpg?stp=dst-jpg_s320x320_tt6&efg=eyJ2ZW5jb2RlX3RhZyI6InByb2ZpbGVfcGljLmRqYW5nby4xMDgwLmMyIn0&_nc_ht=scontent-mia5-2.cdninstagram.com&_nc_cat=1&_nc_oc=Q6cZ2QFJr_4D-Q9iq6OIOYfZzgJQTLwpS3FAl_MZ3WUzjp0JdZaSEqosbXHhVF4DwYE4egM&_nc_ohc=YLXJHIdSTwoQ7kNvwHuVYxf&_nc_gid=RN63REFYU3wrItWhD5WqsA&edm=AOQ1c0wBAAAA&ccb=7-5&oh=00_AfjCDQgzPQTPBPsU1VyttInP0OuIMxy4AwGZkQu8OV0Yaw&oe=692B6E8D&_nc_sid=8b3546
78,KhaÃÅnh Vy TraÃÇÃÄn,,https://www.instagram.com/khanhvyccf,,0,1415166,0,1415166,https://instagram.fphl1-1.fna.fbcdn.net/v/t51.2885-19/538981105_18533658784027730_4210214810243350660_n.jpg?stp=dst-jpg_s320x320_tt6&efg=eyJ2ZW5jb2RlX3RhZyI6InByb2ZpbGVfcGljLmRqYW5nby45MjkuYzIifQ&_nc_ht=instagram.fphl1-1.fna.fbcdn.net&_nc_cat=102&_nc_oc=Q6cZ2QGvBDbGNHpKCH4YaQGdBjzux3UGLudE6xd36D9dhh7BU3iADUf--xdUwd8HaJkOP9Y&_nc_ohc=TM9PJSF0GGsQ7kNvwEwZ5C4&_nc_gid=elsNyhx19ZyRcc2ScHRAMg&edm=AOQ1c0wBAAAA&ccb=7-5&oh=00_AfjLwKPyRWPF8suKcf8s1WtkQlwuS5SJDW6NRFlUEhLP2g&oe=692B4FEF&_nc_sid=8b3546
79,L√™ Trung Th√†nh,,https://www.instagram.com/erikthanh_,,0,1409298,0,1409298,https://scontent-atl3-3.cdninstagram.com/v/t51.2885-19/532664239_18529289920058252_8530682555352777155_n.jpg?stp=dst-jpg_s320x320_tt6&efg=eyJ2ZW5jb2RlX3RhZyI6InByb2ZpbGVfcGljLmRqYW5nby4xMDgwLmMyIn0&_nc_ht=scontent-atl3-3.cdninstagram.com&_nc_cat=108&_nc_oc=Q6cZ2QEDXGpnHYbivJRFv9iHwOp6X7H8LVhuUPw-lW1QHqxwWAgX4NFrDU2TwT_OPWIiYNg&_nc_ohc=ozd_p1DJdKwQ7kNvwGDnKM1&_nc_gid=2lEn3QAhxi-JBeAmVxc87g&edm=AOQ1c0wBAAAA&ccb=7-5&oh=00_AfiFWgepwK3Fj-snGf0rF-AiVpmGQHn9jiv3P_QkMKeJfA&oe=692B5839&_nc_sid=8b3546
80,L√™ Hu·ª≥nh Thu√Ω Ng√¢n,,https://www.instagram.com/lehuynh.thuyngan,,0,1402785,0,1402785,https://scontent-hou1-1.cdninstagram.com/v/t51.2885-19/551055750_18530661796030882_7221782862852615781_n.jpg?stp=dst-jpg_s320x320_tt6&efg=eyJ2ZW5jb2RlX3RhZyI6InByb2ZpbGVfcGljLmRqYW5nby4xMDgwLmMyIn0&_nc_ht=scontent-hou1-1.cdninstagram.com&_nc_cat=110&_nc_oc=Q6cZ2QFyHvyh07uc6c85b52rxFpO4KZfCBRYpggVY8Asa6ykwvADBUy14L_xzfD2I3Ho1q4irwvqPZC_43v41qGwh2lo&_nc_ohc=iZ1_QI-FEOkQ7kNvwG-PbVB&_nc_gid=zBrRXH2lhrQaoYkdC2Oejg&edm=AOQ1c0wBAAAA&ccb=7-5&oh=00_AfgdQ7i3fs7GrmOusX81RS4NMkLkYQdAlGiQHsTu8IiYwg&oe=692B6C06&_nc_sid=8b3546
81,Pamela H·∫£i ƒê∆∞·ªùng üå∫,,https://www.instagram.com/pamyeuoi,,0,1398838,0,1398838,https://scontent-lga3-3.cdninstagram.com/v/t51.2885-19/290908323_3139320169639614_6173136919527198401_n.jpg?stp=dst-jpg_s320x320_tt6&efg=eyJ2ZW5jb2RlX3RhZyI6InByb2ZpbGVfcGljLmRqYW5nby44NjAuYzIifQ&_nc_ht=scontent-lga3-3.cdninstagram.com&_nc_cat=106&_nc_oc=Q6cZ2QF3HhALOSb3VZV1HiZiMfrS6-W8ROF_SNVujgtQfAf3nj9KRf4o2ppc3uBAptyL-7M&_nc_ohc=iIBBqGvju84Q7kNvwHkqp-j&_nc_gid=VsXE0XCw-TTYrlqQxeuMFw&edm=AOQ1c0wBAAAA&ccb=7-5&oh=00_Afj3ZEgzzxK0Sj6_QHp-xnxwVbY4-Qjvy8B5P-8RAlIQMw&oe=692B581D&_nc_sid=8b3546
82,Jyotika Paswan,,https://www.instagram.com/iamjyotikapaswan,,0,1394742,0,1394742,https://scontent-lga3-3.cdninstagram.com/v/t51.2885-19/412652256_2357132247814534_8329723184137942943_n.jpg?stp=dst-jpg_s320x320_tt6&efg=eyJ2ZW5jb2RlX3RhZyI6InByb2ZpbGVfcGljLmRqYW5nby4xMDgwLmMyIn0&_nc_ht=scontent-lga3-3.cdninstagram.com&_nc_cat=110&_nc_oc=Q6cZ2QHNk74si3B9MesEtjKEyAIG5Zuz0ZehGrqYLXtwVW92ar94cMjvP1q8WnVfw5NA9PY&_nc_ohc=G7ue190vCtEQ7kNvwH2AitY&_nc_gid=B468Oahels5abyjnJCyapQ&edm=AOQ1c0wBAAAA&ccb=7-5&oh=00_AfhD6knkXnAqbHk_NUW5bMx2q3VQRB7JgVjtmCIh-OyiTw&oe=692B48B2&_nc_sid=8b3546
83,Diarry Sow,,https://www.instagram.com/diariatou__sow,,0,1388868,0,1388868,https://scontent-lga3-1.cdninstagram.com/v/t51.2885-19/450088348_290172257453495_3929652552313173311_n.jpg?stp=dst-jpg_s320x320_tt6&efg=eyJ2ZW5jb2RlX3RhZyI6InByb2ZpbGVfcGljLmRqYW5nby43NjguYzIifQ&_nc_ht=scontent-lga3-1.cdninstagram.com&_nc_cat=111&_nc_oc=Q6cZ2QHlr5jyLwMHCIMtEFLVgjXskpoNEqsJM-3Ez5MGtm-T0gdK6t28Y8EiBh0Su6Kk_Vw&_nc_ohc=2eHb54v4184Q7kNvwGYzkkC&_nc_gid=JKWLjxZjVTr3HF5803yt8g&edm=AOQ1c0wBAAAA&ccb=7-5&oh=00_AfifpKlM0zl5TfvQXmra0EqWY3wqdJOot09OgULJibGLSg&oe=692B6427&_nc_sid=8b3546
84,Ho√†ng Y·∫øn,,https://www.instagram.com/hoangyenchibi812,,0,1385234,0,1385234,https://scontent-iad3-1.cdninstagram.com/v/t51.2885-19/481360380_599827239592412_754754849906499830_n.jpg?stp=dst-jpg_s320x320_tt6&efg=eyJ2ZW5jb2RlX3RhZyI6InByb2ZpbGVfcGljLmRqYW5nby44NjQuYzIifQ&_nc_ht=scontent-iad3-1.cdninstagram.com&_nc_cat=108&_nc_oc=Q6cZ2QHVIC8y-t6Zi-eUxINqUnoompigDYohqaCtqArjb0mkjlGK0bTDCMONR63abYYkYPU&_nc_ohc=fmT5MSk6Cc0Q7kNvwHL9fhv&_nc_gid=RKXr3ICOhI7B1bLUvl4FVQ&edm=AOQ1c0wBAAAA&ccb=7-5&oh=00_Afjn-Zlxusj-ZWbCh1pHL1nTe_Bho-3Qe_eXMljpqHcLJw&oe=692B4289&_nc_sid=8b3546
85,Megha Chaubey,,https://www.instagram.com/megha_chaube,,0,1383939,0,1383939,https://scontent-dfw5-3.cdninstagram.com/v/t51.2885-19/338047978_156842243967824_7234978657700066156_n.jpg?stp=dst-jpg_s320x320_tt6&efg=eyJ2ZW5jb2RlX3RhZyI6InByb2ZpbGVfcGljLmRqYW5nby4xMDgwLmMyIn0&_nc_ht=scontent-dfw5-3.cdninstagram.com&_nc_cat=1&_nc_oc=Q6cZ2QEDJbd8CdygGlBN6EC3eZ3_uKVp3EOXNtMtJmNEt4nmS7yJ737awle3usW2kRtbI4A&_nc_ohc=VHJ70-uC7REQ7kNvwGrMT8u&_nc_gid=nrVNUAfwfKFUcH-zHLyAWw&edm=AOQ1c0wBAAAA&ccb=7-5&oh=00_AfgMMBwLt1x83UWqhox0Q8-P2XQk3p4ShenDh2aSlf3vWQ&oe=692B70DC&_nc_sid=8b3546
86,Sangita Sahu,,https://www.instagram.com/sangitasahu.official,,0,1390563,0,1390563,https://scontent-ord5-1.cdninstagram.com/v/t51.2885-19/569663669_18080980310085172_7395041083923168958_n.jpg?stp=dst-jpg_s320x320_tt6&efg=eyJ2ZW5jb2RlX3RhZyI6InByb2ZpbGVfcGljLmRqYW5nby4xMDgwLmMyIn0&_nc_ht=scontent-ord5-1.cdninstagram.com&_nc_cat=1&_nc_oc=Q6cZ2QESdjHJlPMcmrKFOAM7SZsYSC6cwI1JXswndiWTMkbIldABxoZB6sE_ltmR7k7z3n4&_nc_ohc=-oxNP6YLW2kQ7kNvwG1QDzp&_nc_gid=NcUPB1gUq53CLoCb9lXVJw&edm=AOQ1c0wBAAAA&ccb=7-5&oh=00_Afgjf6v47UqGG7GZhD9XHtru3tOpPcH-jud5FUVeT5YI8A&oe=692B6397&_nc_sid=8b3546
87,ÿ≠ŸÄÿ®ŸäŸÄÿ®ŸÄŸá ÿßÿ≠ŸÖÿØ| Habiba Ahmed,,https://www.instagram.com/hapiparadwan_,,0,1376739,0,1376739,https://scontent-lga3-3.cdninstagram.com/v/t51.2885-19/492031503_18368273944133756_2401203826338515895_n.jpg?stp=dst-jpg_s320x320_tt6&efg=eyJ2ZW5jb2RlX3RhZyI6InByb2ZpbGVfcGljLmRqYW5nby4xMDgwLmMyIn0&_nc_ht=scontent-lga3-3.cdninstagram.com&_nc_cat=108&_nc_oc=Q6cZ2QERnxnWP2B62pBYGlE0TGcr6v-o-b15WJ_cyNZWFTGdUu9JjPjp-ulCs4u0FotPQecQBhn45QrFcOeyk1BrT--T&_nc_ohc=AxTa98icJB4Q7kNvwGa5Jwh&_nc_gid=25FeO-58rUp_d5bpjYrKHA&edm=AOQ1c0wBAAAA&ccb=7-5&oh=00_AfgxyJUjLHE0TQBeSHQxsRMuWOCLK5k-26iZPZYPFmdhig&oe=692B6F71&_nc_sid=8b3546
88,kashu budhani,,https://www.instagram.com/kashuwuwuw,,0,1387658,0,1387658,https://scontent-hou1-1.cdninstagram.com/v/t51.2885-19/572984987_18079298261133606_4984313837109099866_n.jpg?stp=dst-jpg_s320x320_tt6&efg=eyJ2ZW5jb2RlX3RhZyI6InByb2ZpbGVfcGljLmRqYW5nby4xMDgwLmMyIn0&_nc_ht=scontent-hou1-1.cdninstagram.com&_nc_cat=1&_nc_oc=Q6cZ2QEVCBeT5cIYFgj0NxXH-ZZLlSd4oEJjP0dGIm4-N-EEfNz0GGSVRR_IKt4NQIbtoDk&_nc_ohc=X95ShlC-NsEQ7kNvwFmLCab&_nc_gid=hu4uFZ7qKQyhH2tfQuMmEA&edm=AOQ1c0wBAAAA&ccb=7-5&oh=00_AfiCXdiQGE-Ap-QLDtFRr34L1d8OF4TkRPn0hEdvrhbskg&oe=692B4E13&_nc_sid=8b3546
89,üòà,,https://www.instagram.com/lf.tlinh,,0,1367452,0,1367452,https://scontent-mia3-1.cdninstagram.com/v/t51.2885-19/565920891_18541410631011811_8329379120352490275_n.jpg?stp=dst-jpg_s320x320_tt6&efg=eyJ2ZW5jb2RlX3RhZyI6InByb2ZpbGVfcGljLmRqYW5nby43MjYuYzIifQ&_nc_ht=scontent-mia3-1.cdninstagram.com&_nc_cat=1&_nc_oc=Q6cZ2QF_8bwtNVMvyvd4IWvWkqaLcpODVgwd3ibxXzdYQOkGBuz9gaj-lswhIEDv4veKT78&_nc_ohc=MnRN2bUuHRMQ7kNvwGrclcd&_nc_gid=1Kh35i8zTwX8CSX6_FAzEQ&edm=AOQ1c0wBAAAA&ccb=7-5&oh=00_AfhvB4G0f_7N0kH3NaHwIrAHTdYtiJsxgXN_MR2iGT8fBA&oe=692B63C2&_nc_sid=8b3546
90,Yan Shaim,,https://www.instagram.com/ynchq,,0,1367477,0,1367477,https://scontent-iad3-1.cdninstagram.com/v/t51.2885-19/562486993_18077350814037383_1859002272671711205_n.jpg?stp=dst-jpg_s320x320_tt6&efg=eyJ2ZW5jb2RlX3RhZyI6InByb2ZpbGVfcGljLmRqYW5nby4xMDgwLmMyIn0&_nc_ht=scontent-iad3-1.cdninstagram.com&_nc_cat=1&_nc_oc=Q6cZ2QEV8JnZonC27rPY91dk7DXuwpIlCAze-RxicoWa6WqDADiZkbxOeUPlbpnIQjp9sas&_nc_ohc=9Y1hxSgnU_AQ7kNvwEUm2uO&_nc_gid=-6TZiGk5106HGy7_5aD5RA&edm=AOQ1c0wBAAAA&ccb=7-5&oh=00_AfieVHV3hC3uwpfpP7_OEqJ_iGMK--rL_I1vf1bXZg7nhw&oe=692B52E2&_nc_sid=8b3546
91,Janick Maceta Del Castillo ‚ô•,,https://www.instagram.com/janickmaceta,,0,1358472,0,1358472,https://scontent-ord5-3.cdninstagram.com/v/t51.2885-19/434037386_1100822724295404_5332643172054220472_n.jpg?stp=dst-jpg_s320x320_tt6&efg=eyJ2ZW5jb2RlX3RhZyI6InByb2ZpbGVfcGljLmRqYW5nby4xMDgwLmMyIn0&_nc_ht=scontent-ord5-3.cdninstagram.com&_nc_cat=100&_nc_oc=Q6cZ2QHxC9vX0_E_oOG75n0vNBL47sa2E63V0HRyH7ix4uVcq0UCXIBmODskjz1SQ-giu3M&_nc_ohc=M9AWxcL26pgQ7kNvwG8i0o0&_nc_gid=Ih0WDcMfgqQ7BDdFsMTEZw&edm=AOQ1c0wBAAAA&ccb=7-5&oh=00_AfhNzDdCB70f-j6hAjuV1e-HWxD7m5ZQdVWfstxfCgzrwA&oe=692B4FB2&_nc_sid=8b3546
92,ùóïùóÆùó∞ùó∏ùóØùó≤ùóªùó∞ùóµùó≤ùóø ùóõùóºùó∫ùó∂ùó≤ {ùüÆùó†üéØ},,https://www.instagram.com/backbencherhomie,,0,1331337,0,1331337,https://scontent-lax3-1.cdninstagram.com/v/t51.2885-19/404328885_336308319017302_321712405692360191_n.jpg?stp=dst-jpg_s320x320_tt6&efg=eyJ2ZW5jb2RlX3RhZyI6InByb2ZpbGVfcGljLmRqYW5nby4xMDgwLmMyIn0&_nc_ht=scontent-lax3-1.cdninstagram.com&_nc_cat=110&_nc_oc=Q6cZ2QFKB0xDFAKb1Cj5U7Y1uVs93HEGJ0aqvAy2GvKko6ba_nJjZomshY3akYhARUe8anE&_nc_ohc=IOmh2qOvKikQ7kNvwGtef8q&_nc_gid=KOheplssMKX1kB62VSQluA&edm=AOQ1c0wBAAAA&ccb=7-5&oh=00_AfhLpEWp2J8LHcJQUluyANMC7_wMeqrBcRoi0Lvq0c1BZA&oe=692B5DB1&_nc_sid=8b3546
93,Chef Marly Mazza - Em Casa,,https://www.instagram.com/chefmarly_,,0,1326103,0,1326103,https://scontent-ord5-2.cdninstagram.com/v/t51.2885-19/97363827_2831821600264012_5920313208639324160_n.jpg?stp=dst-jpg_s320x320_tt6&efg=eyJ2ZW5jb2RlX3RhZyI6InByb2ZpbGVfcGljLmRqYW5nby41NDguYzIifQ&_nc_ht=scontent-ord5-2.cdninstagram.com&_nc_cat=104&_nc_oc=Q6cZ2QG27VO-HeVX3OCi65W090_k3IuK8MhMgwxWk6zfsQSZWyg6I5hdnrIslyoGiMm6D6o&_nc_ohc=F-gf37OIzmwQ7kNvwGWATaD&_nc_gid=eyydakcBqNjzXRGVAVY4Sg&edm=AOQ1c0wBAAAA&ccb=7-5&oh=00_AfiSM_QRsSILR3qCUF33lQQ9CcdR79hNa72Blku3-897oQ&oe=692B4B2E&_nc_sid=8b3546
94,Ribi Sachi,,https://www.instagram.com/ribisachi,,0,1318803,0,1318803,https://scontent-mia3-1.cdninstagram.com/v/t51.2885-19/491463487_701760252421751_4674902366440103785_n.jpg?stp=dst-jpg_s320x320_tt6&efg=eyJ2ZW5jb2RlX3RhZyI6InByb2ZpbGVfcGljLmRqYW5nby40MjIuYzIifQ&_nc_ht=scontent-mia3-1.cdninstagram.com&_nc_cat=111&_nc_oc=Q6cZ2QHV_xpvjr7SEfavTz701ip_aZgz03CkRWwVCkZqkyqhX_JxLGlXtaQWlayoyBe_DfU&_nc_ohc=b4HL7qpWedIQ7kNvwEm-Vjy&_nc_gid=PSKHMWWofPdTwuRkwr5yug&edm=AOQ1c0wBAAAA&ccb=7-5&oh=00_Afh_WswG17WOhsdibJ2ODOAf_Pvw_RXA3kJfqTSaAl2sCg&oe=692B5D2D&_nc_sid=8b3546
95,Tr·∫ßn Th·ªã Thu Trang,,https://www.instagram.com/chany_nee,,0,1323819,0,1323819,https://scontent-bos5-1.cdninstagram.com/v/t51.2885-19/534516852_18283570606258376_274035920042095678_n.jpg?stp=dst-jpg_s320x320_tt6&efg=eyJ2ZW5jb2RlX3RhZyI6InByb2ZpbGVfcGljLmRqYW5nby45NjAuYzIifQ&_nc_ht=scontent-bos5-1.cdninstagram.com&_nc_cat=1&_nc_oc=Q6cZ2QHTJuRTVOGYUeW_m7f30zoOsUoU2TYjgaaxdeovbpkcLc7C7p3sK2jKEZ7B3XnaTCY&_nc_ohc=xdtun4QlXuMQ7kNvwGoG2dM&_nc_gid=N-tjVgQDJlvECgq5iKXtiA&edm=AOQ1c0wBAAAA&ccb=7-5&oh=00_AfhRGVS3HrqglXZzMJi-xPnyj1BHWL1ed0oGj3iKUPBYRw&oe=692B5D36&_nc_sid=8b3546
96,Rippa Sarkar,,https://www.instagram.com/rippa_sarkar_999,,0,1320360,0,1320360,https://scontent-ord5-3.cdninstagram.com/v/t51.2885-19/469724616_596418066190459_5698233187233862282_n.jpg?stp=dst-jpg_s320x320_tt6&efg=eyJ2ZW5jb2RlX3RhZyI6InByb2ZpbGVfcGljLmRqYW5nby4xMDgwLmMyIn0&_nc_ht=scontent-ord5-3.cdninstagram.com&_nc_cat=1&_nc_oc=Q6cZ2QFGG_SQjiiJIHMf7SP2CN3RFOFCvPxL-F65GGqRBQOb3fhDlrX3HVVnfh3osk_qgbo&_nc_ohc=y7otGPEj3rcQ7kNvwHZDNeU&_nc_gid=bWzsip6KFP-3ITyOdGOUCA&edm=AOQ1c0wBAAAA&ccb=7-5&oh=00_AfhSzOE4YvNCmMSz7XMpRWFkoPPm2oGql6Va_18c9HBIWw&oe=692B6291&_nc_sid=8b3546
97,YAN News,,https://www.instagram.com/yannews,,0,1304470,0,1304470,https://scontent-ord5-3.cdninstagram.com/v/t51.2885-19/472649728_1975040363018430_5921154115908613581_n.jpg?stp=dst-jpg_s320x320_tt6&efg=eyJ2ZW5jb2RlX3RhZyI6InByb2ZpbGVfcGljLmRqYW5nby4xMDgwLmMyIn0&_nc_ht=scontent-ord5-3.cdninstagram.com&_nc_cat=106&_nc_oc=Q6cZ2QG9TIyGfJy7neFek9dT4JV8KuSI_p-A8r4ovQN-l36B_oeOyrT_gxfbU4pCDWBC0Xs&_nc_ohc=5dhYj3SbVZYQ7kNvwEmyq5-&_nc_gid=1sdHNr7h5B5chaC0gK3M7Q&edm=AOQ1c0wBAAAA&ccb=7-5&oh=00_Afj0hPApCPQL01oPkR8tAu4kIvoG2NyMt9fbMn7v3iyaIQ&oe=692B74D9&_nc_sid=8b3546
98,·ÉßŒ±…±Œ±,,https://www.instagram.com/putri.yamalis,,0,1300496,0,1300496,https://scontent-ord5-3.cdninstagram.com/v/t51.2885-19/573013654_18432088228098441_5777007098645915436_n.jpg?stp=dst-jpg_s320x320_tt6&efg=eyJ2ZW5jb2RlX3RhZyI6InByb2ZpbGVfcGljLmRqYW5nby4xMDgwLmMyIn0&_nc_ht=scontent-ord5-3.cdninstagram.com&_nc_cat=109&_nc_oc=Q6cZ2QEdD5uNxTnI3WZiQrb9_m2ZIuCcyG8LyMuelfFiWgFM9Wn5-B8h8r0sJ8ykvhkrYdc&_nc_ohc=sXk1wsG_NEcQ7kNvwF5uWlo&_nc_gid=ozN1_uf6UxVRLT53d_MCcA&edm=AOQ1c0wBAAAA&ccb=7-5&oh=00_AfjolRPYrwcwDNtzxM0UERIseSQnuMz_jYB1Rf0grS4VKg&oe=692B7295&_nc_sid=8b3546
